http://mint-projects.image.ntua.gr/data/sounds/C0023X0008XX-0600,http://www.mimo-db.eu/InstrumentsKeywords/4019
http://mint-projects.image.ntua.gr/data/sounds/C0023X0008XX-0200,http://www.mimo-db.eu/InstrumentsKeywords/4019
http://mint-projects.image.ntua.gr/data/sounds/C0023X0007XX-0900,http://www.mimo-db.eu/InstrumentsKeywords/4019
http://mint-projects.image.ntua.gr/data/sounds/C0023X0007XX-1000,http://www.mimo-db.eu/InstrumentsKeywords/4019
http://mint-projects.image.ntua.gr/data/sounds/C0023X0008XX-0300,http://www.mimo-db.eu/InstrumentsKeywords/4019
http://mint-projects.image.ntua.gr/data/sounds/C0023X0008XX-0500,http://www.mimo-db.eu/InstrumentsKeywords/4019
http://mint-projects.image.ntua.gr/data/sounds/C0023X0008XX-0600,http://www.mimo-db.eu/InstrumentsKeywords/4019
http://mint-projects.image.ntua.gr/data/sounds/C0023X0008XX-0200,http://www.mimo-db.eu/InstrumentsKeywords/4019
http://mint-projects.image.ntua.gr/data/sounds/C0023X0007XX-0900,http://www.mimo-db.eu/InstrumentsKeywords/4019
http://mint-projects.image.ntua.gr/data/sounds/C0023X0007XX-1000,http://www.mimo-db.eu/InstrumentsKeywords/4019
http://mint-projects.image.ntua.gr/data/sounds/C0023X0008XX-0300,http://www.mimo-db.eu/InstrumentsKeywords/4019
http://mint-projects.image.ntua.gr/data/sounds/C0023X0008XX-0500,http://www.mimo-db.eu/InstrumentsKeywords/4019
http://mint-projects.image.ntua.gr/data/sounds/C0023X0008XX-0600,http://www.mimo-db.eu/InstrumentsKeywords/4019
http://mint-projects.image.ntua.gr/data/sounds/C0023X0008XX-0200,http://www.mimo-db.eu/InstrumentsKeywords/4019
http://mint-projects.image.ntua.gr/data/sounds/C0023X0007XX-0900,http://www.mimo-db.eu/InstrumentsKeywords/4019
http://mint-projects.image.ntua.gr/data/sounds/C0023X0007XX-1000,http://www.mimo-db.eu/InstrumentsKeywords/4019
http://mint-projects.image.ntua.gr/data/sounds/C0023X0008XX-0300,http://www.mimo-db.eu/InstrumentsKeywords/4019
http://mint-projects.image.ntua.gr/data/sounds/C0023X0008XX-0500,http://www.mimo-db.eu/InstrumentsKeywords/4019
http://mint-projects.image.ntua.gr/data/sounds/C0023X0008XX-0600,http://www.mimo-db.eu/InstrumentsKeywords/4019
http://mint-projects.image.ntua.gr/data/sounds/C0023X0008XX-0200,http://www.mimo-db.eu/InstrumentsKeywords/4019
http://mint-projects.image.ntua.gr/data/sounds/C0023X0007XX-0900,http://www.mimo-db.eu/InstrumentsKeywords/4019
http://mint-projects.image.ntua.gr/data/sounds/C0023X0007XX-1000,http://www.mimo-db.eu/InstrumentsKeywords/4019
http://mint-projects.image.ntua.gr/data/sounds/C0023X0008XX-0300,http://www.mimo-db.eu/InstrumentsKeywords/4019
http://mint-projects.image.ntua.gr/data/sounds/C0023X0008XX-0500,http://www.mimo-db.eu/InstrumentsKeywords/4019
http://mint-projects.image.ntua.gr/data/sounds/C0023X0010XX-2400,http://www.mimo-db.eu/InstrumentsKeywords/2682
http://mint-projects.image.ntua.gr/data/sounds/C0023X0020XX-1100,http://www.mimo-db.eu/InstrumentsKeywords/2682
http://mint-projects.image.ntua.gr/data/sounds/C0023X0010XX-2400,http://www.mimo-db.eu/InstrumentsKeywords/2682
http://mint-projects.image.ntua.gr/data/sounds/C0023X0020XX-1100,http://www.mimo-db.eu/InstrumentsKeywords/2682
http://mint-projects.image.ntua.gr/data/sounds/C0023X0010XX-2400,http://www.mimo-db.eu/InstrumentsKeywords/2682
http://mint-projects.image.ntua.gr/data/sounds/C0023X0020XX-1100,http://www.mimo-db.eu/InstrumentsKeywords/2682
http://mint-projects.image.ntua.gr/data/sounds/C0023X0010XX-2400,http://www.mimo-db.eu/InstrumentsKeywords/2682
http://mint-projects.image.ntua.gr/data/sounds/C0023X0020XX-1100,http://www.mimo-db.eu/InstrumentsKeywords/2682
http://mint-projects.image.ntua.gr/data/sounds/C0023X0035XX-1100,http://www.mimo-db.eu/InstrumentsKeywords/2585
http://mint-projects.image.ntua.gr/data/sounds/C0023X0005XX-0900,http://www.mimo-db.eu/InstrumentsKeywords/2585
http://mint-projects.image.ntua.gr/data/sounds/C0023X0007XX-1000,http://www.mimo-db.eu/InstrumentsKeywords/2585
http://mint-projects.image.ntua.gr/data/sounds/C0023X0024XX-0800,http://www.mimo-db.eu/InstrumentsKeywords/2585
http://mint-projects.image.ntua.gr/data/sounds/C0023X0003XX-1200,http://www.mimo-db.eu/InstrumentsKeywords/2585
http://mint-projects.image.ntua.gr/data/sounds/C0023X0010XX-2800,http://www.mimo-db.eu/InstrumentsKeywords/2585
http://mint-projects.image.ntua.gr/data/sounds/C0023X0005XX-1200,http://www.mimo-db.eu/InstrumentsKeywords/2585
http://mint-projects.image.ntua.gr/data/sounds/C0023X0015XX-0900,http://www.mimo-db.eu/InstrumentsKeywords/2585
http://mint-projects.image.ntua.gr/data/sounds/C0023X0068XX-0800,http://www.mimo-db.eu/InstrumentsKeywords/2585
http://mint-projects.image.ntua.gr/data/sounds/C0023X0068XX-1000,http://www.mimo-db.eu/InstrumentsKeywords/2585
http://mint-projects.image.ntua.gr/data/sounds/C0023X0068XX-2200,http://www.mimo-db.eu/InstrumentsKeywords/2585
http://mint-projects.image.ntua.gr/data/sounds/C0023X0024XX-0900,http://www.mimo-db.eu/InstrumentsKeywords/2585
http://mint-projects.image.ntua.gr/data/sounds/C0023X0020XX-0500,http://www.mimo-db.eu/InstrumentsKeywords/2585
http://mint-projects.image.ntua.gr/data/sounds/C0023X0005XX-0700,http://www.mimo-db.eu/InstrumentsKeywords/2585
http://mint-projects.image.ntua.gr/data/sounds/C0023X0028XX-1400,http://www.mimo-db.eu/InstrumentsKeywords/2585
http://mint-projects.image.ntua.gr/data/sounds/C0023X0010XX-3200,http://www.mimo-db.eu/InstrumentsKeywords/2585
http://mint-projects.image.ntua.gr/data/sounds/C0023X0019XX-2000,http://www.mimo-db.eu/InstrumentsKeywords/2585
http://mint-projects.image.ntua.gr/data/sounds/C0023X0028XX-6000,http://www.mimo-db.eu/InstrumentsKeywords/2585
http://mint-projects.image.ntua.gr/data/sounds/C0023X0035XX-0600,http://www.mimo-db.eu/InstrumentsKeywords/2585
http://mint-projects.image.ntua.gr/data/sounds/C0023X0015XX-0500,http://www.mimo-db.eu/InstrumentsKeywords/2585
http://mint-projects.image.ntua.gr/data/sounds/C0023X0017XX-1300,http://www.mimo-db.eu/InstrumentsKeywords/2585
http://mint-projects.image.ntua.gr/data/sounds/C0023X0068XX-0900,http://www.mimo-db.eu/InstrumentsKeywords/2585
http://mint-projects.image.ntua.gr/data/sounds/C0023X0035XX-0700,http://www.mimo-db.eu/InstrumentsKeywords/2585
http://mint-projects.image.ntua.gr/data/sounds/C0023X0022XX-2100,http://www.mimo-db.eu/InstrumentsKeywords/2585
http://mint-projects.image.ntua.gr/data/sounds/C0023X0003XX-1100,http://www.mimo-db.eu/InstrumentsKeywords/2585
http://mint-projects.image.ntua.gr/data/sounds/C0023X0002XX-4800,http://www.mimo-db.eu/InstrumentsKeywords/2585
http://mint-projects.image.ntua.gr/data/sounds/C0023X0028XX-2900,http://www.mimo-db.eu/InstrumentsKeywords/2585
http://mint-projects.image.ntua.gr/data/sounds/C0023X0035XX-0900,http://www.mimo-db.eu/InstrumentsKeywords/2585
http://mint-projects.image.ntua.gr/data/sounds/C0023X0028XX-2000,http://www.mimo-db.eu/InstrumentsKeywords/2585
http://mint-projects.image.ntua.gr/data/sounds/C0023X0037XX-0200,http://www.mimo-db.eu/InstrumentsKeywords/2585
http://mint-projects.image.ntua.gr/data/sounds/C0023X0003XX-1000,http://www.mimo-db.eu/InstrumentsKeywords/2585
http://mint-projects.image.ntua.gr/data/sounds/C0023X0022XX-1200,http://www.mimo-db.eu/InstrumentsKeywords/2585
http://mint-projects.image.ntua.gr/data/sounds/C0023X0036XX-1700,http://www.mimo-db.eu/InstrumentsKeywords/2585
http://mint-projects.image.ntua.gr/data/sounds/C0023X0040XX-0400,http://www.mimo-db.eu/InstrumentsKeywords/2585
http://mint-projects.image.ntua.gr/data/sounds/C0023X0002XX-4900,http://www.mimo-db.eu/InstrumentsKeywords/2585
http://mint-projects.image.ntua.gr/data/sounds/C0023X0037XX-0300,http://www.mimo-db.eu/InstrumentsKeywords/2585
http://mint-projects.image.ntua.gr/data/sounds/C0023X0028XX-1300,http://www.mimo-db.eu/InstrumentsKeywords/2585
http://mint-projects.image.ntua.gr/data/sounds/C0023X0028XX-1700,http://www.mimo-db.eu/InstrumentsKeywords/2585
http://mint-projects.image.ntua.gr/data/sounds/C0023X0025XX-1000,http://www.mimo-db.eu/InstrumentsKeywords/2585
http://mint-projects.image.ntua.gr/data/sounds/C0023X0068XX-2100,http://www.mimo-db.eu/InstrumentsKeywords/2585
http://mint-projects.image.ntua.gr/data/sounds/C0023X0005XX-1100,http://www.mimo-db.eu/InstrumentsKeywords/2585
http://mint-projects.image.ntua.gr/data/sounds/C0023X0028XX-5400,http://www.mimo-db.eu/InstrumentsKeywords/2585
http://mint-projects.image.ntua.gr/data/sounds/C0023X0028XX-1500,http://www.mimo-db.eu/InstrumentsKeywords/2585
http://mint-projects.image.ntua.gr/data/sounds/C0023X0036XX-1800,http://www.mimo-db.eu/InstrumentsKeywords/2585
http://mint-projects.image.ntua.gr/data/sounds/C0023X0027XX-1600,http://www.mimo-db.eu/InstrumentsKeywords/2585
http://mint-projects.image.ntua.gr/data/sounds/C0023X0030XX-3200,http://www.mimo-db.eu/InstrumentsKeywords/2585
http://mint-projects.image.ntua.gr/data/sounds/C0023X0030XX-3100,http://www.mimo-db.eu/InstrumentsKeywords/2585
http://mint-projects.image.ntua.gr/data/sounds/C0023X0005XX-0800,http://www.mimo-db.eu/InstrumentsKeywords/2585
http://mint-projects.image.ntua.gr/data/sounds/C0023X0028XX-3300,http://www.mimo-db.eu/InstrumentsKeywords/2585
http://mint-projects.image.ntua.gr/data/sounds/C0023X0022XX-1800,http://www.mimo-db.eu/InstrumentsKeywords/2585
http://mint-projects.image.ntua.gr/data/sounds/C0023X0014XX-1800,http://www.mimo-db.eu/InstrumentsKeywords/2585
http://mint-projects.image.ntua.gr/data/sounds/C0023X0008XX-0500,http://www.mimo-db.eu/InstrumentsKeywords/2585
http://mint-projects.image.ntua.gr/data/sounds/C0023X0028XX-2100,http://www.mimo-db.eu/InstrumentsKeywords/2585
http://mint-projects.image.ntua.gr/data/sounds/C0023X0020XX-0600,http://www.mimo-db.eu/InstrumentsKeywords/2585
http://mint-projects.image.ntua.gr/data/sounds/C0023X0003XX-0900,http://www.mimo-db.eu/InstrumentsKeywords/2585
http://mint-projects.image.ntua.gr/data/sounds/C0023X0068XX-2000,http://www.mimo-db.eu/InstrumentsKeywords/2585
http://mint-projects.image.ntua.gr/data/sounds/C0023X0005XX-1000,http://www.mimo-db.eu/InstrumentsKeywords/2585
http://mint-projects.image.ntua.gr/data/sounds/C0023X0025XX-0900,http://www.mimo-db.eu/InstrumentsKeywords/2585
http://mint-projects.image.ntua.gr/data/sounds/C0023X0022XX-1900,http://www.mimo-db.eu/InstrumentsKeywords/2585
http://mint-projects.image.ntua.gr/data/sounds/C0023X0035XX-1100,http://www.mimo-db.eu/InstrumentsKeywords/2585
http://mint-projects.image.ntua.gr/data/sounds/C0023X0005XX-0900,http://www.mimo-db.eu/InstrumentsKeywords/2585
http://mint-projects.image.ntua.gr/data/sounds/C0023X0007XX-1000,http://www.mimo-db.eu/InstrumentsKeywords/2585
http://mint-projects.image.ntua.gr/data/sounds/C0023X0024XX-0800,http://www.mimo-db.eu/InstrumentsKeywords/2585
http://mint-projects.image.ntua.gr/data/sounds/C0023X0003XX-1200,http://www.mimo-db.eu/InstrumentsKeywords/2585
http://mint-projects.image.ntua.gr/data/sounds/C0023X0010XX-2800,http://www.mimo-db.eu/InstrumentsKeywords/2585
http://mint-projects.image.ntua.gr/data/sounds/C0023X0005XX-1200,http://www.mimo-db.eu/InstrumentsKeywords/2585
http://mint-projects.image.ntua.gr/data/sounds/C0023X0015XX-0900,http://www.mimo-db.eu/InstrumentsKeywords/2585
http://mint-projects.image.ntua.gr/data/sounds/C0023X0068XX-0800,http://www.mimo-db.eu/InstrumentsKeywords/2585
http://mint-projects.image.ntua.gr/data/sounds/C0023X0068XX-1000,http://www.mimo-db.eu/InstrumentsKeywords/2585
http://mint-projects.image.ntua.gr/data/sounds/C0023X0068XX-2200,http://www.mimo-db.eu/InstrumentsKeywords/2585
http://mint-projects.image.ntua.gr/data/sounds/C0023X0024XX-0900,http://www.mimo-db.eu/InstrumentsKeywords/2585
http://mint-projects.image.ntua.gr/data/sounds/C0023X0020XX-0500,http://www.mimo-db.eu/InstrumentsKeywords/2585
http://mint-projects.image.ntua.gr/data/sounds/C0023X0005XX-0700,http://www.mimo-db.eu/InstrumentsKeywords/2585
http://mint-projects.image.ntua.gr/data/sounds/C0023X0028XX-1400,http://www.mimo-db.eu/InstrumentsKeywords/2585
http://mint-projects.image.ntua.gr/data/sounds/C0023X0010XX-3200,http://www.mimo-db.eu/InstrumentsKeywords/2585
http://mint-projects.image.ntua.gr/data/sounds/C0023X0019XX-2000,http://www.mimo-db.eu/InstrumentsKeywords/2585
http://mint-projects.image.ntua.gr/data/sounds/C0023X0028XX-6000,http://www.mimo-db.eu/InstrumentsKeywords/2585
http://mint-projects.image.ntua.gr/data/sounds/C0023X0035XX-0600,http://www.mimo-db.eu/InstrumentsKeywords/2585
http://mint-projects.image.ntua.gr/data/sounds/C0023X0015XX-0500,http://www.mimo-db.eu/InstrumentsKeywords/2585
http://mint-projects.image.ntua.gr/data/sounds/C0023X0017XX-1300,http://www.mimo-db.eu/InstrumentsKeywords/2585
http://mint-projects.image.ntua.gr/data/sounds/C0023X0068XX-0900,http://www.mimo-db.eu/InstrumentsKeywords/2585
http://mint-projects.image.ntua.gr/data/sounds/C0023X0035XX-0700,http://www.mimo-db.eu/InstrumentsKeywords/2585
http://mint-projects.image.ntua.gr/data/sounds/C0023X0022XX-2100,http://www.mimo-db.eu/InstrumentsKeywords/2585
http://mint-projects.image.ntua.gr/data/sounds/C0023X0003XX-1100,http://www.mimo-db.eu/InstrumentsKeywords/2585
http://mint-projects.image.ntua.gr/data/sounds/C0023X0002XX-4800,http://www.mimo-db.eu/InstrumentsKeywords/2585
http://mint-projects.image.ntua.gr/data/sounds/C0023X0028XX-2900,http://www.mimo-db.eu/InstrumentsKeywords/2585
http://mint-projects.image.ntua.gr/data/sounds/C0023X0035XX-0900,http://www.mimo-db.eu/InstrumentsKeywords/2585
http://mint-projects.image.ntua.gr/data/sounds/C0023X0028XX-2000,http://www.mimo-db.eu/InstrumentsKeywords/2585
http://mint-projects.image.ntua.gr/data/sounds/C0023X0037XX-0200,http://www.mimo-db.eu/InstrumentsKeywords/2585
http://mint-projects.image.ntua.gr/data/sounds/C0023X0003XX-1000,http://www.mimo-db.eu/InstrumentsKeywords/2585
http://mint-projects.image.ntua.gr/data/sounds/C0023X0022XX-1200,http://www.mimo-db.eu/InstrumentsKeywords/2585
http://mint-projects.image.ntua.gr/data/sounds/C0023X0036XX-1700,http://www.mimo-db.eu/InstrumentsKeywords/2585
http://mint-projects.image.ntua.gr/data/sounds/C0023X0040XX-0400,http://www.mimo-db.eu/InstrumentsKeywords/2585
http://mint-projects.image.ntua.gr/data/sounds/C0023X0002XX-4900,http://www.mimo-db.eu/InstrumentsKeywords/2585
http://mint-projects.image.ntua.gr/data/sounds/C0023X0037XX-0300,http://www.mimo-db.eu/InstrumentsKeywords/2585
http://mint-projects.image.ntua.gr/data/sounds/C0023X0028XX-1300,http://www.mimo-db.eu/InstrumentsKeywords/2585
http://mint-projects.image.ntua.gr/data/sounds/C0023X0028XX-1700,http://www.mimo-db.eu/InstrumentsKeywords/2585
http://mint-projects.image.ntua.gr/data/sounds/C0023X0025XX-1000,http://www.mimo-db.eu/InstrumentsKeywords/2585
http://mint-projects.image.ntua.gr/data/sounds/C0023X0068XX-2100,http://www.mimo-db.eu/InstrumentsKeywords/2585
http://mint-projects.image.ntua.gr/data/sounds/C0023X0005XX-1100,http://www.mimo-db.eu/InstrumentsKeywords/2585
http://mint-projects.image.ntua.gr/data/sounds/C0023X0028XX-5400,http://www.mimo-db.eu/InstrumentsKeywords/2585
http://mint-projects.image.ntua.gr/data/sounds/C0023X0028XX-1500,http://www.mimo-db.eu/InstrumentsKeywords/2585
http://mint-projects.image.ntua.gr/data/sounds/C0023X0036XX-1800,http://www.mimo-db.eu/InstrumentsKeywords/2585
http://mint-projects.image.ntua.gr/data/sounds/C0023X0027XX-1600,http://www.mimo-db.eu/InstrumentsKeywords/2585
http://mint-projects.image.ntua.gr/data/sounds/C0023X0030XX-3200,http://www.mimo-db.eu/InstrumentsKeywords/2585
http://mint-projects.image.ntua.gr/data/sounds/C0023X0030XX-3100,http://www.mimo-db.eu/InstrumentsKeywords/2585
http://mint-projects.image.ntua.gr/data/sounds/C0023X0005XX-0800,http://www.mimo-db.eu/InstrumentsKeywords/2585
http://mint-projects.image.ntua.gr/data/sounds/C0023X0028XX-3300,http://www.mimo-db.eu/InstrumentsKeywords/2585
http://mint-projects.image.ntua.gr/data/sounds/C0023X0022XX-1800,http://www.mimo-db.eu/InstrumentsKeywords/2585
http://mint-projects.image.ntua.gr/data/sounds/C0023X0014XX-1800,http://www.mimo-db.eu/InstrumentsKeywords/2585
http://mint-projects.image.ntua.gr/data/sounds/C0023X0008XX-0500,http://www.mimo-db.eu/InstrumentsKeywords/2585
http://mint-projects.image.ntua.gr/data/sounds/C0023X0028XX-2100,http://www.mimo-db.eu/InstrumentsKeywords/2585
http://mint-projects.image.ntua.gr/data/sounds/C0023X0020XX-0600,http://www.mimo-db.eu/InstrumentsKeywords/2585
http://mint-projects.image.ntua.gr/data/sounds/C0023X0003XX-0900,http://www.mimo-db.eu/InstrumentsKeywords/2585
http://mint-projects.image.ntua.gr/data/sounds/C0023X0068XX-2000,http://www.mimo-db.eu/InstrumentsKeywords/2585
http://mint-projects.image.ntua.gr/data/sounds/C0023X0005XX-1000,http://www.mimo-db.eu/InstrumentsKeywords/2585
http://mint-projects.image.ntua.gr/data/sounds/C0023X0025XX-0900,http://www.mimo-db.eu/InstrumentsKeywords/2585
http://mint-projects.image.ntua.gr/data/sounds/C0023X0022XX-1900,http://www.mimo-db.eu/InstrumentsKeywords/2585
http://mint-projects.image.ntua.gr/data/sounds/C0023X0014XX-1500,http://www.mimo-db.eu/InstrumentsKeywords/4550
http://mint-projects.image.ntua.gr/data/sounds/C0023X0014XX-1500,http://www.mimo-db.eu/InstrumentsKeywords/4550
http://mint-projects.image.ntua.gr/data/sounds/C0023X0014XX-1500,http://www.mimo-db.eu/InstrumentsKeywords/4550
http://mint-projects.image.ntua.gr/data/sounds/C0023X0014XX-1500,http://www.mimo-db.eu/InstrumentsKeywords/4550
http://mint-projects.image.ntua.gr/data/sounds/C0023X0022XX-1000,http://www.mimo-db.eu/InstrumentsKeywords/2371
http://mint-projects.image.ntua.gr/data/sounds/C0023X0022XX-1200,http://www.mimo-db.eu/InstrumentsKeywords/2371
http://mint-projects.image.ntua.gr/data/sounds/C0023X0022XX-0900,http://www.mimo-db.eu/InstrumentsKeywords/2371
http://mint-projects.image.ntua.gr/data/sounds/C0023X0022XX-1000,http://www.mimo-db.eu/InstrumentsKeywords/2371
http://mint-projects.image.ntua.gr/data/sounds/C0023X0022XX-1200,http://www.mimo-db.eu/InstrumentsKeywords/2371
http://mint-projects.image.ntua.gr/data/sounds/C0023X0022XX-0900,http://www.mimo-db.eu/InstrumentsKeywords/2371
http://mint-projects.image.ntua.gr/data/sounds/C0023X0031XX-0100,http://www.mimo-db.eu/InstrumentsKeywords/4232
http://mint-projects.image.ntua.gr/data/sounds/C0023X0012XX-0200,http://www.mimo-db.eu/InstrumentsKeywords/4232
http://mint-projects.image.ntua.gr/data/sounds/C0023X0031XX-0100,http://www.mimo-db.eu/InstrumentsKeywords/4232
http://mint-projects.image.ntua.gr/data/sounds/C0023X0012XX-0200,http://www.mimo-db.eu/InstrumentsKeywords/4232
http://mint-projects.image.ntua.gr/data/sounds/C0023X0031XX-0100,http://www.mimo-db.eu/InstrumentsKeywords/4232
http://mint-projects.image.ntua.gr/data/sounds/C0023X0012XX-0200,http://www.mimo-db.eu/InstrumentsKeywords/4232
http://mint-projects.image.ntua.gr/data/sounds/C0023X0031XX-0100,http://www.mimo-db.eu/InstrumentsKeywords/4232
http://mint-projects.image.ntua.gr/data/sounds/C0023X0012XX-0200,http://www.mimo-db.eu/InstrumentsKeywords/4232
http://mint-projects.image.ntua.gr/data/sounds/C0023X0031XX-0100,http://www.mimo-db.eu/InstrumentsKeywords/2251
http://mint-projects.image.ntua.gr/data/sounds/C0023X0031XX-0100,http://www.mimo-db.eu/InstrumentsKeywords/2251
http://mint-projects.image.ntua.gr/data/sounds/C0023X0031XX-0100,http://www.mimo-db.eu/InstrumentsKeywords/2251
http://mint-projects.image.ntua.gr/data/sounds/C0023X0031XX-0100,http://www.mimo-db.eu/InstrumentsKeywords/2251
http://mint-projects.image.ntua.gr/data/sounds/C0023X0024XX-1900,http://www.mimo-db.eu/InstrumentsKeywords/4561
http://mint-projects.image.ntua.gr/data/sounds/C0023X0024XX-1800,http://www.mimo-db.eu/InstrumentsKeywords/4561
http://mint-projects.image.ntua.gr/data/sounds/C0023X0024XX-2000,http://www.mimo-db.eu/InstrumentsKeywords/4561
http://mint-projects.image.ntua.gr/data/sounds/C0023X0024XX-1900,http://www.mimo-db.eu/InstrumentsKeywords/4561
http://mint-projects.image.ntua.gr/data/sounds/C0023X0024XX-1800,http://www.mimo-db.eu/InstrumentsKeywords/4561
http://mint-projects.image.ntua.gr/data/sounds/C0023X0024XX-2000,http://www.mimo-db.eu/InstrumentsKeywords/4561
http://mint-projects.image.ntua.gr/data/sounds/C0023X0024XX-1900,http://www.mimo-db.eu/InstrumentsKeywords/4561
http://mint-projects.image.ntua.gr/data/sounds/C0023X0024XX-1800,http://www.mimo-db.eu/InstrumentsKeywords/4561
http://mint-projects.image.ntua.gr/data/sounds/C0023X0024XX-2000,http://www.mimo-db.eu/InstrumentsKeywords/4561
http://mint-projects.image.ntua.gr/data/sounds/C0023X0024XX-1900,http://www.mimo-db.eu/InstrumentsKeywords/4561
http://mint-projects.image.ntua.gr/data/sounds/C0023X0024XX-1800,http://www.mimo-db.eu/InstrumentsKeywords/4561
http://mint-projects.image.ntua.gr/data/sounds/C0023X0024XX-2000,http://www.mimo-db.eu/InstrumentsKeywords/4561
http://mint-projects.image.ntua.gr/data/sounds/C0023X0035XX-0600,http://www.mimo-db.eu/InstrumentsKeywords/3036
http://mint-projects.image.ntua.gr/data/sounds/C0023X0017XX-0600,http://www.mimo-db.eu/InstrumentsKeywords/3036
http://mint-projects.image.ntua.gr/data/sounds/C0023X0036XX-0300,http://www.mimo-db.eu/InstrumentsKeywords/3036
http://mint-projects.image.ntua.gr/data/sounds/C0023X0035XX-0900,http://www.mimo-db.eu/InstrumentsKeywords/3036
http://mint-projects.image.ntua.gr/data/sounds/C0023X0019XX-2000,http://www.mimo-db.eu/InstrumentsKeywords/3036
http://mint-projects.image.ntua.gr/data/sounds/C0023X0035XX-0500,http://www.mimo-db.eu/InstrumentsKeywords/3036
http://mint-projects.image.ntua.gr/data/sounds/C0023X0036XX-0200,http://www.mimo-db.eu/InstrumentsKeywords/3036
http://mint-projects.image.ntua.gr/data/sounds/C0023X0020XX-0600,http://www.mimo-db.eu/InstrumentsKeywords/3036
http://mint-projects.image.ntua.gr/data/sounds/C0023X0011XX-0100,http://www.mimo-db.eu/InstrumentsKeywords/3036
http://mint-projects.image.ntua.gr/data/sounds/C0023X0017XX-1000,http://www.mimo-db.eu/InstrumentsKeywords/3036
http://mint-projects.image.ntua.gr/data/sounds/C0023X0036XX-2000,http://www.mimo-db.eu/InstrumentsKeywords/3036
http://mint-projects.image.ntua.gr/data/sounds/C0023X0020XX-0500,http://www.mimo-db.eu/InstrumentsKeywords/3036
http://mint-projects.image.ntua.gr/data/sounds/C0023X0038XX-0400,http://www.mimo-db.eu/InstrumentsKeywords/3036
http://mint-projects.image.ntua.gr/data/sounds/C0023X0015XX-0900,http://www.mimo-db.eu/InstrumentsKeywords/3036
http://mint-projects.image.ntua.gr/data/sounds/C0023X0010XX-1900,http://www.mimo-db.eu/InstrumentsKeywords/3036
http://mint-projects.image.ntua.gr/data/sounds/C0023X0011XX-0200,http://www.mimo-db.eu/InstrumentsKeywords/3036
http://mint-projects.image.ntua.gr/data/sounds/C0023X0024XX-2200,http://www.mimo-db.eu/InstrumentsKeywords/3036
http://mint-projects.image.ntua.gr/data/sounds/C0023X0024XX-2100,http://www.mimo-db.eu/InstrumentsKeywords/3036
http://mint-projects.image.ntua.gr/data/sounds/C0023X0035XX-0600,http://www.mimo-db.eu/InstrumentsKeywords/3036
http://mint-projects.image.ntua.gr/data/sounds/C0023X0017XX-0600,http://www.mimo-db.eu/InstrumentsKeywords/3036
http://mint-projects.image.ntua.gr/data/sounds/C0023X0036XX-0300,http://www.mimo-db.eu/InstrumentsKeywords/3036
http://mint-projects.image.ntua.gr/data/sounds/C0023X0035XX-0900,http://www.mimo-db.eu/InstrumentsKeywords/3036
http://mint-projects.image.ntua.gr/data/sounds/C0023X0019XX-2000,http://www.mimo-db.eu/InstrumentsKeywords/3036
http://mint-projects.image.ntua.gr/data/sounds/C0023X0035XX-0500,http://www.mimo-db.eu/InstrumentsKeywords/3036
http://mint-projects.image.ntua.gr/data/sounds/C0023X0036XX-0200,http://www.mimo-db.eu/InstrumentsKeywords/3036
http://mint-projects.image.ntua.gr/data/sounds/C0023X0020XX-0600,http://www.mimo-db.eu/InstrumentsKeywords/3036
http://mint-projects.image.ntua.gr/data/sounds/C0023X0011XX-0100,http://www.mimo-db.eu/InstrumentsKeywords/3036
http://mint-projects.image.ntua.gr/data/sounds/C0023X0017XX-1000,http://www.mimo-db.eu/InstrumentsKeywords/3036
http://mint-projects.image.ntua.gr/data/sounds/C0023X0036XX-2000,http://www.mimo-db.eu/InstrumentsKeywords/3036
http://mint-projects.image.ntua.gr/data/sounds/C0023X0020XX-0500,http://www.mimo-db.eu/InstrumentsKeywords/3036
http://mint-projects.image.ntua.gr/data/sounds/C0023X0038XX-0400,http://www.mimo-db.eu/InstrumentsKeywords/3036
http://mint-projects.image.ntua.gr/data/sounds/C0023X0015XX-0900,http://www.mimo-db.eu/InstrumentsKeywords/3036
http://mint-projects.image.ntua.gr/data/sounds/C0023X0010XX-1900,http://www.mimo-db.eu/InstrumentsKeywords/3036
http://mint-projects.image.ntua.gr/data/sounds/C0023X0011XX-0200,http://www.mimo-db.eu/InstrumentsKeywords/3036
http://mint-projects.image.ntua.gr/data/sounds/C0023X0024XX-2200,http://www.mimo-db.eu/InstrumentsKeywords/3036
http://mint-projects.image.ntua.gr/data/sounds/C0023X0024XX-2100,http://www.mimo-db.eu/InstrumentsKeywords/3036
http://mint-projects.image.ntua.gr/data/sounds/C0023X0029XX-3900,http://www.mimo-db.eu/InstrumentsKeywords/3502
http://mint-projects.image.ntua.gr/data/sounds/C0023X0045XX-0500,http://www.mimo-db.eu/InstrumentsKeywords/3502
http://mint-projects.image.ntua.gr/data/sounds/C0023X0029XX-3900,http://www.mimo-db.eu/InstrumentsKeywords/3502
http://mint-projects.image.ntua.gr/data/sounds/C0023X0045XX-0500,http://www.mimo-db.eu/InstrumentsKeywords/3502
http://mint-projects.image.ntua.gr/data/sounds/C0023X0029XX-3900,http://www.mimo-db.eu/InstrumentsKeywords/3502
http://mint-projects.image.ntua.gr/data/sounds/C0023X0045XX-0500,http://www.mimo-db.eu/InstrumentsKeywords/3502
http://mint-projects.image.ntua.gr/data/sounds/C0023X0029XX-3900,http://www.mimo-db.eu/InstrumentsKeywords/3502
http://mint-projects.image.ntua.gr/data/sounds/C0023X0045XX-0500,http://www.mimo-db.eu/InstrumentsKeywords/3502
http://mint-projects.image.ntua.gr/data/sounds/C0023X0019XX-0600,http://www.mimo-db.eu/InstrumentsKeywords/3938
http://mint-projects.image.ntua.gr/data/sounds/C0023X0022XX-2200,http://www.mimo-db.eu/InstrumentsKeywords/3938
http://mint-projects.image.ntua.gr/data/sounds/C0023X0019XX-0600,http://www.mimo-db.eu/InstrumentsKeywords/3938
http://mint-projects.image.ntua.gr/data/sounds/C0023X0022XX-2200,http://www.mimo-db.eu/InstrumentsKeywords/3938
http://mint-projects.image.ntua.gr/data/sounds/C0023X0019XX-0600,http://www.mimo-db.eu/InstrumentsKeywords/3938
http://mint-projects.image.ntua.gr/data/sounds/C0023X0022XX-2200,http://www.mimo-db.eu/InstrumentsKeywords/3938
http://mint-projects.image.ntua.gr/data/sounds/C0023X0019XX-0600,http://www.mimo-db.eu/InstrumentsKeywords/3938
http://mint-projects.image.ntua.gr/data/sounds/C0023X0022XX-2200,http://www.mimo-db.eu/InstrumentsKeywords/3938
http://mint-projects.image.ntua.gr/data/sounds/C0023X0014XX-2700,http://www.mimo-db.eu/InstrumentsKeywords/3522
http://mint-projects.image.ntua.gr/data/sounds/C0023X0014XX-2700,http://www.mimo-db.eu/InstrumentsKeywords/3522
http://mint-projects.image.ntua.gr/data/sounds/C0023X0014XX-2700,http://www.mimo-db.eu/InstrumentsKeywords/3522
http://mint-projects.image.ntua.gr/data/sounds/C0023X0014XX-2700,http://www.mimo-db.eu/InstrumentsKeywords/3522
http://mint-projects.image.ntua.gr/data/sounds/C0023X0031XX-0100,http://www.mimo-db.eu/InstrumentsKeywords/3111
http://mint-projects.image.ntua.gr/data/sounds/C0023X0031XX-0100,http://www.mimo-db.eu/InstrumentsKeywords/3111
http://mint-projects.image.ntua.gr/data/sounds/C0023X0031XX-0100,http://www.mimo-db.eu/InstrumentsKeywords/3111
http://mint-projects.image.ntua.gr/data/sounds/C0023X0031XX-0100,http://www.mimo-db.eu/InstrumentsKeywords/3111
http://mint-projects.image.ntua.gr/data/sounds/C0023X0012XX-0100,http://www.mimo-db.eu/InstrumentsKeywords/2266
http://mint-projects.image.ntua.gr/data/sounds/C0023X0012XX-0100,http://www.mimo-db.eu/InstrumentsKeywords/2266
http://mint-projects.image.ntua.gr/data/sounds/C0023X0012XX-0100,http://www.mimo-db.eu/InstrumentsKeywords/2266
http://mint-projects.image.ntua.gr/data/sounds/C0023X0012XX-0100,http://www.mimo-db.eu/InstrumentsKeywords/2266
http://mint-projects.image.ntua.gr/data/sounds/C0023X0022XX-1500,http://www.mimo-db.eu/InstrumentsKeywords/3237
http://mint-projects.image.ntua.gr/data/sounds/C0023X0022XX-1500,http://www.mimo-db.eu/InstrumentsKeywords/3237
http://mint-projects.image.ntua.gr/data/sounds/C0023X0022XX-1500,http://www.mimo-db.eu/InstrumentsKeywords/3237
http://mint-projects.image.ntua.gr/data/sounds/C0023X0022XX-1500,http://www.mimo-db.eu/InstrumentsKeywords/3237
http://mint-projects.image.ntua.gr/data/sounds/C0023X0003XX-0600,http://www.mimo-db.eu/InstrumentsKeywords/4021
http://mint-projects.image.ntua.gr/data/sounds/C0023X0003XX-0700,http://www.mimo-db.eu/InstrumentsKeywords/4021
http://mint-projects.image.ntua.gr/data/sounds/C0023X0003XX-0600,http://www.mimo-db.eu/InstrumentsKeywords/4021
http://mint-projects.image.ntua.gr/data/sounds/C0023X0003XX-0700,http://www.mimo-db.eu/InstrumentsKeywords/4021
http://mint-projects.image.ntua.gr/data/sounds/C0023X0003XX-0600,http://www.mimo-db.eu/InstrumentsKeywords/4021
http://mint-projects.image.ntua.gr/data/sounds/C0023X0003XX-0700,http://www.mimo-db.eu/InstrumentsKeywords/4021
http://mint-projects.image.ntua.gr/data/sounds/C0023X0003XX-0600,http://www.mimo-db.eu/InstrumentsKeywords/4021
http://mint-projects.image.ntua.gr/data/sounds/C0023X0003XX-0700,http://www.mimo-db.eu/InstrumentsKeywords/4021
http://mint-projects.image.ntua.gr/data/sounds/C0023X0010XX-2300,http://www.mimo-db.eu/InstrumentsKeywords/3132
http://mint-projects.image.ntua.gr/data/sounds/C0023X0010XX-2200,http://www.mimo-db.eu/InstrumentsKeywords/3132
http://mint-projects.image.ntua.gr/data/sounds/C0023X0010XX-2400,http://www.mimo-db.eu/InstrumentsKeywords/3132
http://mint-projects.image.ntua.gr/data/sounds/C0023X0010XX-2300,http://www.mimo-db.eu/InstrumentsKeywords/3132
http://mint-projects.image.ntua.gr/data/sounds/C0023X0010XX-2200,http://www.mimo-db.eu/InstrumentsKeywords/3132
http://mint-projects.image.ntua.gr/data/sounds/C0023X0010XX-2400,http://www.mimo-db.eu/InstrumentsKeywords/3132
http://mint-projects.image.ntua.gr/data/sounds/C0023X0010XX-2300,http://www.mimo-db.eu/InstrumentsKeywords/3132
http://mint-projects.image.ntua.gr/data/sounds/C0023X0010XX-2200,http://www.mimo-db.eu/InstrumentsKeywords/3132
http://mint-projects.image.ntua.gr/data/sounds/C0023X0010XX-2400,http://www.mimo-db.eu/InstrumentsKeywords/3132
http://mint-projects.image.ntua.gr/data/sounds/C0023X0010XX-2300,http://www.mimo-db.eu/InstrumentsKeywords/3132
http://mint-projects.image.ntua.gr/data/sounds/C0023X0010XX-2200,http://www.mimo-db.eu/InstrumentsKeywords/3132
http://mint-projects.image.ntua.gr/data/sounds/C0023X0010XX-2400,http://www.mimo-db.eu/InstrumentsKeywords/3132
http://mint-projects.image.ntua.gr/data/sounds/C0023X0024XX-2200,http://www.mimo-db.eu/InstrumentsKeywords/3999
http://mint-projects.image.ntua.gr/data/sounds/C0023X0024XX-2100,http://www.mimo-db.eu/InstrumentsKeywords/3999
http://mint-projects.image.ntua.gr/data/sounds/C0023X0027XX-1300,http://www.mimo-db.eu/InstrumentsKeywords/3999
http://mint-projects.image.ntua.gr/data/sounds/C0023X0024XX-2200,http://www.mimo-db.eu/InstrumentsKeywords/3999
http://mint-projects.image.ntua.gr/data/sounds/C0023X0024XX-2100,http://www.mimo-db.eu/InstrumentsKeywords/3999
http://mint-projects.image.ntua.gr/data/sounds/C0023X0027XX-1300,http://www.mimo-db.eu/InstrumentsKeywords/3999
http://mint-projects.image.ntua.gr/data/sounds/C0023X0024XX-2200,http://www.mimo-db.eu/InstrumentsKeywords/3999
http://mint-projects.image.ntua.gr/data/sounds/C0023X0024XX-2100,http://www.mimo-db.eu/InstrumentsKeywords/3999
http://mint-projects.image.ntua.gr/data/sounds/C0023X0027XX-1300,http://www.mimo-db.eu/InstrumentsKeywords/3999
http://mint-projects.image.ntua.gr/data/sounds/C0023X0024XX-2200,http://www.mimo-db.eu/InstrumentsKeywords/3999
http://mint-projects.image.ntua.gr/data/sounds/C0023X0024XX-2100,http://www.mimo-db.eu/InstrumentsKeywords/3999
http://mint-projects.image.ntua.gr/data/sounds/C0023X0027XX-1300,http://www.mimo-db.eu/InstrumentsKeywords/3999
http://mint-projects.image.ntua.gr/data/sounds/C0023X0009XX-0100,http://www.mimo-db.eu/InstrumentsKeywords/2596
http://mint-projects.image.ntua.gr/data/sounds/C0023X0010XX-2500,http://www.mimo-db.eu/InstrumentsKeywords/2596
http://mint-projects.image.ntua.gr/data/sounds/C0023X0009XX-0100,http://www.mimo-db.eu/InstrumentsKeywords/2596
http://mint-projects.image.ntua.gr/data/sounds/C0023X0010XX-2500,http://www.mimo-db.eu/InstrumentsKeywords/2596
http://mint-projects.image.ntua.gr/data/sounds/C0023X0009XX-0100,http://www.mimo-db.eu/InstrumentsKeywords/2596
http://mint-projects.image.ntua.gr/data/sounds/C0023X0010XX-2500,http://www.mimo-db.eu/InstrumentsKeywords/2596
http://mint-projects.image.ntua.gr/data/sounds/C0023X0009XX-0100,http://www.mimo-db.eu/InstrumentsKeywords/2596
http://mint-projects.image.ntua.gr/data/sounds/C0023X0010XX-2500,http://www.mimo-db.eu/InstrumentsKeywords/2596
http://mint-projects.image.ntua.gr/data/sounds/C0023X0002XX-4400,http://www.mimo-db.eu/InstrumentsKeywords/2790
http://mint-projects.image.ntua.gr/data/sounds/C0023X0002XX-4300,http://www.mimo-db.eu/InstrumentsKeywords/2790
http://mint-projects.image.ntua.gr/data/sounds/C0023X0002XX-4400,http://www.mimo-db.eu/InstrumentsKeywords/2790
http://mint-projects.image.ntua.gr/data/sounds/C0023X0002XX-4300,http://www.mimo-db.eu/InstrumentsKeywords/2790
http://mint-projects.image.ntua.gr/data/sounds/C0023X0002XX-4400,http://www.mimo-db.eu/InstrumentsKeywords/2790
http://mint-projects.image.ntua.gr/data/sounds/C0023X0002XX-4300,http://www.mimo-db.eu/InstrumentsKeywords/2790
http://mint-projects.image.ntua.gr/data/sounds/C0023X0002XX-4400,http://www.mimo-db.eu/InstrumentsKeywords/2790
http://mint-projects.image.ntua.gr/data/sounds/C0023X0002XX-4300,http://www.mimo-db.eu/InstrumentsKeywords/2790
http://mint-projects.image.ntua.gr/data/sounds/C0023X0047XX-0100,http://www.mimo-db.eu/InstrumentsKeywords/3280
http://mint-projects.image.ntua.gr/data/sounds/C0023X0047XX-0200,http://www.mimo-db.eu/InstrumentsKeywords/3280
http://mint-projects.image.ntua.gr/data/sounds/C0023X0048XX-1800,http://www.mimo-db.eu/InstrumentsKeywords/3280
http://mint-projects.image.ntua.gr/data/sounds/C0023X0048XX-1200,http://www.mimo-db.eu/InstrumentsKeywords/3280
http://mint-projects.image.ntua.gr/data/sounds/C0023X0001XX-0300,http://www.mimo-db.eu/InstrumentsKeywords/3280
http://mint-projects.image.ntua.gr/data/sounds/C0023X0049XX-0300,http://www.mimo-db.eu/InstrumentsKeywords/3280
http://mint-projects.image.ntua.gr/data/sounds/C0023X0001XX-0800,http://www.mimo-db.eu/InstrumentsKeywords/3280
http://mint-projects.image.ntua.gr/data/sounds/C0023X0047XX-0300,http://www.mimo-db.eu/InstrumentsKeywords/3280
http://mint-projects.image.ntua.gr/data/sounds/C0023X0048XX-1600,http://www.mimo-db.eu/InstrumentsKeywords/3280
http://mint-projects.image.ntua.gr/data/sounds/C0023X0047XX-0400,http://www.mimo-db.eu/InstrumentsKeywords/3280
http://mint-projects.image.ntua.gr/data/sounds/C0023X0001XX-0500,http://www.mimo-db.eu/InstrumentsKeywords/3280
http://mint-projects.image.ntua.gr/data/sounds/C0023X0001XX-0900,http://www.mimo-db.eu/InstrumentsKeywords/3280
http://mint-projects.image.ntua.gr/data/sounds/C0023X0047XX-0500,http://www.mimo-db.eu/InstrumentsKeywords/3280
http://mint-projects.image.ntua.gr/data/sounds/C0023X0046XX-2200,http://www.mimo-db.eu/InstrumentsKeywords/3280
http://mint-projects.image.ntua.gr/data/sounds/C0023X0001XX-0400,http://www.mimo-db.eu/InstrumentsKeywords/3280
http://mint-projects.image.ntua.gr/data/sounds/C0023X0049XX-0200,http://www.mimo-db.eu/InstrumentsKeywords/3280
http://mint-projects.image.ntua.gr/data/sounds/C0023X0048XX-0500,http://www.mimo-db.eu/InstrumentsKeywords/3280
http://mint-projects.image.ntua.gr/data/sounds/C0023X0049XX-0100,http://www.mimo-db.eu/InstrumentsKeywords/3280
http://mint-projects.image.ntua.gr/data/sounds/C0023X0046XX-2100,http://www.mimo-db.eu/InstrumentsKeywords/3280
http://mint-projects.image.ntua.gr/data/sounds/C0023X0048XX-2000,http://www.mimo-db.eu/InstrumentsKeywords/3280
http://mint-projects.image.ntua.gr/data/sounds/C0023X0028XX-4900,http://www.mimo-db.eu/InstrumentsKeywords/3280
http://mint-projects.image.ntua.gr/data/sounds/C0023X0059XX-0200,http://www.mimo-db.eu/InstrumentsKeywords/3280
http://mint-projects.image.ntua.gr/data/sounds/C0023X0019XX-0200,http://www.mimo-db.eu/InstrumentsKeywords/3280
http://mint-projects.image.ntua.gr/data/sounds/C0023X0028XX-5000,http://www.mimo-db.eu/InstrumentsKeywords/3280
http://mint-projects.image.ntua.gr/data/sounds/C0023X0049XX-0400,http://www.mimo-db.eu/InstrumentsKeywords/3280
http://mint-projects.image.ntua.gr/data/sounds/C0023X0019XX-0100,http://www.mimo-db.eu/InstrumentsKeywords/3280
http://mint-projects.image.ntua.gr/data/sounds/C0023X0047XX-0600,http://www.mimo-db.eu/InstrumentsKeywords/3280
http://mint-projects.image.ntua.gr/data/sounds/C0023X0049XX-0500,http://www.mimo-db.eu/InstrumentsKeywords/3280
http://mint-projects.image.ntua.gr/data/sounds/C0023X0019XX-0900,http://www.mimo-db.eu/InstrumentsKeywords/3280
http://mint-projects.image.ntua.gr/data/sounds/C0023X0046XX-2000,http://www.mimo-db.eu/InstrumentsKeywords/3280
http://mint-projects.image.ntua.gr/data/sounds/C0023X0047XX-0100,http://www.mimo-db.eu/InstrumentsKeywords/3280
http://mint-projects.image.ntua.gr/data/sounds/C0023X0047XX-0200,http://www.mimo-db.eu/InstrumentsKeywords/3280
http://mint-projects.image.ntua.gr/data/sounds/C0023X0048XX-1800,http://www.mimo-db.eu/InstrumentsKeywords/3280
http://mint-projects.image.ntua.gr/data/sounds/C0023X0048XX-1200,http://www.mimo-db.eu/InstrumentsKeywords/3280
http://mint-projects.image.ntua.gr/data/sounds/C0023X0001XX-0300,http://www.mimo-db.eu/InstrumentsKeywords/3280
http://mint-projects.image.ntua.gr/data/sounds/C0023X0049XX-0300,http://www.mimo-db.eu/InstrumentsKeywords/3280
http://mint-projects.image.ntua.gr/data/sounds/C0023X0001XX-0800,http://www.mimo-db.eu/InstrumentsKeywords/3280
http://mint-projects.image.ntua.gr/data/sounds/C0023X0047XX-0300,http://www.mimo-db.eu/InstrumentsKeywords/3280
http://mint-projects.image.ntua.gr/data/sounds/C0023X0048XX-1600,http://www.mimo-db.eu/InstrumentsKeywords/3280
http://mint-projects.image.ntua.gr/data/sounds/C0023X0047XX-0400,http://www.mimo-db.eu/InstrumentsKeywords/3280
http://mint-projects.image.ntua.gr/data/sounds/C0023X0001XX-0500,http://www.mimo-db.eu/InstrumentsKeywords/3280
http://mint-projects.image.ntua.gr/data/sounds/C0023X0001XX-0900,http://www.mimo-db.eu/InstrumentsKeywords/3280
http://mint-projects.image.ntua.gr/data/sounds/C0023X0047XX-0500,http://www.mimo-db.eu/InstrumentsKeywords/3280
http://mint-projects.image.ntua.gr/data/sounds/C0023X0046XX-2200,http://www.mimo-db.eu/InstrumentsKeywords/3280
http://mint-projects.image.ntua.gr/data/sounds/C0023X0001XX-0400,http://www.mimo-db.eu/InstrumentsKeywords/3280
http://mint-projects.image.ntua.gr/data/sounds/C0023X0049XX-0200,http://www.mimo-db.eu/InstrumentsKeywords/3280
http://mint-projects.image.ntua.gr/data/sounds/C0023X0048XX-0500,http://www.mimo-db.eu/InstrumentsKeywords/3280
http://mint-projects.image.ntua.gr/data/sounds/C0023X0049XX-0100,http://www.mimo-db.eu/InstrumentsKeywords/3280
http://mint-projects.image.ntua.gr/data/sounds/C0023X0046XX-2100,http://www.mimo-db.eu/InstrumentsKeywords/3280
http://mint-projects.image.ntua.gr/data/sounds/C0023X0048XX-2000,http://www.mimo-db.eu/InstrumentsKeywords/3280
http://mint-projects.image.ntua.gr/data/sounds/C0023X0028XX-4900,http://www.mimo-db.eu/InstrumentsKeywords/3280
http://mint-projects.image.ntua.gr/data/sounds/C0023X0059XX-0200,http://www.mimo-db.eu/InstrumentsKeywords/3280
http://mint-projects.image.ntua.gr/data/sounds/C0023X0019XX-0200,http://www.mimo-db.eu/InstrumentsKeywords/3280
http://mint-projects.image.ntua.gr/data/sounds/C0023X0028XX-5000,http://www.mimo-db.eu/InstrumentsKeywords/3280
http://mint-projects.image.ntua.gr/data/sounds/C0023X0049XX-0400,http://www.mimo-db.eu/InstrumentsKeywords/3280
http://mint-projects.image.ntua.gr/data/sounds/C0023X0019XX-0100,http://www.mimo-db.eu/InstrumentsKeywords/3280
http://mint-projects.image.ntua.gr/data/sounds/C0023X0047XX-0600,http://www.mimo-db.eu/InstrumentsKeywords/3280
http://mint-projects.image.ntua.gr/data/sounds/C0023X0049XX-0500,http://www.mimo-db.eu/InstrumentsKeywords/3280
http://mint-projects.image.ntua.gr/data/sounds/C0023X0019XX-0900,http://www.mimo-db.eu/InstrumentsKeywords/3280
http://mint-projects.image.ntua.gr/data/sounds/C0023X0046XX-2000,http://www.mimo-db.eu/InstrumentsKeywords/3280
http://mint-projects.image.ntua.gr/data/sounds/C0023X0047XX-0100,http://www.mimo-db.eu/InstrumentsKeywords/3280
http://mint-projects.image.ntua.gr/data/sounds/C0023X0047XX-0200,http://www.mimo-db.eu/InstrumentsKeywords/3280
http://mint-projects.image.ntua.gr/data/sounds/C0023X0048XX-1800,http://www.mimo-db.eu/InstrumentsKeywords/3280
http://mint-projects.image.ntua.gr/data/sounds/C0023X0048XX-1200,http://www.mimo-db.eu/InstrumentsKeywords/3280
http://mint-projects.image.ntua.gr/data/sounds/C0023X0001XX-0300,http://www.mimo-db.eu/InstrumentsKeywords/3280
http://mint-projects.image.ntua.gr/data/sounds/C0023X0049XX-0300,http://www.mimo-db.eu/InstrumentsKeywords/3280
http://mint-projects.image.ntua.gr/data/sounds/C0023X0001XX-0800,http://www.mimo-db.eu/InstrumentsKeywords/3280
http://mint-projects.image.ntua.gr/data/sounds/C0023X0047XX-0300,http://www.mimo-db.eu/InstrumentsKeywords/3280
http://mint-projects.image.ntua.gr/data/sounds/C0023X0048XX-1600,http://www.mimo-db.eu/InstrumentsKeywords/3280
http://mint-projects.image.ntua.gr/data/sounds/C0023X0047XX-0400,http://www.mimo-db.eu/InstrumentsKeywords/3280
http://mint-projects.image.ntua.gr/data/sounds/C0023X0001XX-0500,http://www.mimo-db.eu/InstrumentsKeywords/3280
http://mint-projects.image.ntua.gr/data/sounds/C0023X0001XX-0900,http://www.mimo-db.eu/InstrumentsKeywords/3280
http://mint-projects.image.ntua.gr/data/sounds/C0023X0047XX-0500,http://www.mimo-db.eu/InstrumentsKeywords/3280
http://mint-projects.image.ntua.gr/data/sounds/C0023X0046XX-2200,http://www.mimo-db.eu/InstrumentsKeywords/3280
http://mint-projects.image.ntua.gr/data/sounds/C0023X0001XX-0400,http://www.mimo-db.eu/InstrumentsKeywords/3280
http://mint-projects.image.ntua.gr/data/sounds/C0023X0049XX-0200,http://www.mimo-db.eu/InstrumentsKeywords/3280
http://mint-projects.image.ntua.gr/data/sounds/C0023X0048XX-0500,http://www.mimo-db.eu/InstrumentsKeywords/3280
http://mint-projects.image.ntua.gr/data/sounds/C0023X0049XX-0100,http://www.mimo-db.eu/InstrumentsKeywords/3280
http://mint-projects.image.ntua.gr/data/sounds/C0023X0046XX-2100,http://www.mimo-db.eu/InstrumentsKeywords/3280
http://mint-projects.image.ntua.gr/data/sounds/C0023X0048XX-2000,http://www.mimo-db.eu/InstrumentsKeywords/3280
http://mint-projects.image.ntua.gr/data/sounds/C0023X0028XX-4900,http://www.mimo-db.eu/InstrumentsKeywords/3280
http://mint-projects.image.ntua.gr/data/sounds/C0023X0059XX-0200,http://www.mimo-db.eu/InstrumentsKeywords/3280
http://mint-projects.image.ntua.gr/data/sounds/C0023X0019XX-0200,http://www.mimo-db.eu/InstrumentsKeywords/3280
http://mint-projects.image.ntua.gr/data/sounds/C0023X0028XX-5000,http://www.mimo-db.eu/InstrumentsKeywords/3280
http://mint-projects.image.ntua.gr/data/sounds/C0023X0049XX-0400,http://www.mimo-db.eu/InstrumentsKeywords/3280
http://mint-projects.image.ntua.gr/data/sounds/C0023X0019XX-0100,http://www.mimo-db.eu/InstrumentsKeywords/3280
http://mint-projects.image.ntua.gr/data/sounds/C0023X0047XX-0600,http://www.mimo-db.eu/InstrumentsKeywords/3280
http://mint-projects.image.ntua.gr/data/sounds/C0023X0049XX-0500,http://www.mimo-db.eu/InstrumentsKeywords/3280
http://mint-projects.image.ntua.gr/data/sounds/C0023X0019XX-0900,http://www.mimo-db.eu/InstrumentsKeywords/3280
http://mint-projects.image.ntua.gr/data/sounds/C0023X0046XX-2000,http://www.mimo-db.eu/InstrumentsKeywords/3280
http://mint-projects.image.ntua.gr/data/sounds/C0023X0047XX-0100,http://www.mimo-db.eu/InstrumentsKeywords/3280
http://mint-projects.image.ntua.gr/data/sounds/C0023X0047XX-0200,http://www.mimo-db.eu/InstrumentsKeywords/3280
http://mint-projects.image.ntua.gr/data/sounds/C0023X0048XX-1800,http://www.mimo-db.eu/InstrumentsKeywords/3280
http://mint-projects.image.ntua.gr/data/sounds/C0023X0048XX-1200,http://www.mimo-db.eu/InstrumentsKeywords/3280
http://mint-projects.image.ntua.gr/data/sounds/C0023X0001XX-0300,http://www.mimo-db.eu/InstrumentsKeywords/3280
http://mint-projects.image.ntua.gr/data/sounds/C0023X0049XX-0300,http://www.mimo-db.eu/InstrumentsKeywords/3280
http://mint-projects.image.ntua.gr/data/sounds/C0023X0001XX-0800,http://www.mimo-db.eu/InstrumentsKeywords/3280
http://mint-projects.image.ntua.gr/data/sounds/C0023X0047XX-0300,http://www.mimo-db.eu/InstrumentsKeywords/3280
http://mint-projects.image.ntua.gr/data/sounds/C0023X0048XX-1600,http://www.mimo-db.eu/InstrumentsKeywords/3280
http://mint-projects.image.ntua.gr/data/sounds/C0023X0047XX-0400,http://www.mimo-db.eu/InstrumentsKeywords/3280
http://mint-projects.image.ntua.gr/data/sounds/C0023X0001XX-0500,http://www.mimo-db.eu/InstrumentsKeywords/3280
http://mint-projects.image.ntua.gr/data/sounds/C0023X0001XX-0900,http://www.mimo-db.eu/InstrumentsKeywords/3280
http://mint-projects.image.ntua.gr/data/sounds/C0023X0047XX-0500,http://www.mimo-db.eu/InstrumentsKeywords/3280
http://mint-projects.image.ntua.gr/data/sounds/C0023X0046XX-2200,http://www.mimo-db.eu/InstrumentsKeywords/3280
http://mint-projects.image.ntua.gr/data/sounds/C0023X0001XX-0400,http://www.mimo-db.eu/InstrumentsKeywords/3280
http://mint-projects.image.ntua.gr/data/sounds/C0023X0049XX-0200,http://www.mimo-db.eu/InstrumentsKeywords/3280
http://mint-projects.image.ntua.gr/data/sounds/C0023X0048XX-0500,http://www.mimo-db.eu/InstrumentsKeywords/3280
http://mint-projects.image.ntua.gr/data/sounds/C0023X0049XX-0100,http://www.mimo-db.eu/InstrumentsKeywords/3280
http://mint-projects.image.ntua.gr/data/sounds/C0023X0046XX-2100,http://www.mimo-db.eu/InstrumentsKeywords/3280
http://mint-projects.image.ntua.gr/data/sounds/C0023X0048XX-2000,http://www.mimo-db.eu/InstrumentsKeywords/3280
http://mint-projects.image.ntua.gr/data/sounds/C0023X0028XX-4900,http://www.mimo-db.eu/InstrumentsKeywords/3280
http://mint-projects.image.ntua.gr/data/sounds/C0023X0059XX-0200,http://www.mimo-db.eu/InstrumentsKeywords/3280
http://mint-projects.image.ntua.gr/data/sounds/C0023X0019XX-0200,http://www.mimo-db.eu/InstrumentsKeywords/3280
http://mint-projects.image.ntua.gr/data/sounds/C0023X0028XX-5000,http://www.mimo-db.eu/InstrumentsKeywords/3280
http://mint-projects.image.ntua.gr/data/sounds/C0023X0049XX-0400,http://www.mimo-db.eu/InstrumentsKeywords/3280
http://mint-projects.image.ntua.gr/data/sounds/C0023X0019XX-0100,http://www.mimo-db.eu/InstrumentsKeywords/3280
http://mint-projects.image.ntua.gr/data/sounds/C0023X0047XX-0600,http://www.mimo-db.eu/InstrumentsKeywords/3280
http://mint-projects.image.ntua.gr/data/sounds/C0023X0049XX-0500,http://www.mimo-db.eu/InstrumentsKeywords/3280
http://mint-projects.image.ntua.gr/data/sounds/C0023X0019XX-0900,http://www.mimo-db.eu/InstrumentsKeywords/3280
http://mint-projects.image.ntua.gr/data/sounds/C0023X0046XX-2000,http://www.mimo-db.eu/InstrumentsKeywords/3280
http://mint-projects.image.ntua.gr/data/sounds/C0023X0033XX-0500,http://www.mimo-db.eu/InstrumentsKeywords/3099
http://mint-projects.image.ntua.gr/data/sounds/C0023X0031XX-0100,http://www.mimo-db.eu/InstrumentsKeywords/3099
http://mint-projects.image.ntua.gr/data/sounds/C0023X0033XX-0500,http://www.mimo-db.eu/InstrumentsKeywords/3099
http://mint-projects.image.ntua.gr/data/sounds/C0023X0031XX-0100,http://www.mimo-db.eu/InstrumentsKeywords/3099
http://mint-projects.image.ntua.gr/data/sounds/C0023X0033XX-0500,http://www.mimo-db.eu/InstrumentsKeywords/3099
http://mint-projects.image.ntua.gr/data/sounds/C0023X0031XX-0100,http://www.mimo-db.eu/InstrumentsKeywords/3099
http://mint-projects.image.ntua.gr/data/sounds/C0023X0033XX-0500,http://www.mimo-db.eu/InstrumentsKeywords/3099
http://mint-projects.image.ntua.gr/data/sounds/C0023X0031XX-0100,http://www.mimo-db.eu/InstrumentsKeywords/3099
http://mint-projects.image.ntua.gr/data/sounds/C0023X0009XX-3700,http://www.mimo-db.eu/InstrumentsKeywords/3142
http://mint-projects.image.ntua.gr/data/sounds/C0023X0009XX-3700,http://www.mimo-db.eu/InstrumentsKeywords/3142
http://mint-projects.image.ntua.gr/data/sounds/C0023X0009XX-3700,http://www.mimo-db.eu/InstrumentsKeywords/3142
http://mint-projects.image.ntua.gr/data/sounds/C0023X0009XX-3700,http://www.mimo-db.eu/InstrumentsKeywords/3142
http://mint-projects.image.ntua.gr/data/sounds/C0023X0031XX-0100,http://www.mimo-db.eu/InstrumentsKeywords/4012
http://mint-projects.image.ntua.gr/data/sounds/C0023X0038XX-1600,http://www.mimo-db.eu/InstrumentsKeywords/4012
http://mint-projects.image.ntua.gr/data/sounds/C0023X0003XX-3600,http://www.mimo-db.eu/InstrumentsKeywords/4012
http://mint-projects.image.ntua.gr/data/sounds/C0023X0048XX-0900,http://www.mimo-db.eu/InstrumentsKeywords/4012
http://mint-projects.image.ntua.gr/data/sounds/C0023X0003XX-3900,http://www.mimo-db.eu/InstrumentsKeywords/4012
http://mint-projects.image.ntua.gr/data/sounds/C0023X0003XX-4000,http://www.mimo-db.eu/InstrumentsKeywords/4012
http://mint-projects.image.ntua.gr/data/sounds/C0023X0003XX-3300,http://www.mimo-db.eu/InstrumentsKeywords/4012
http://mint-projects.image.ntua.gr/data/sounds/C0023X0009XX-1900,http://www.mimo-db.eu/InstrumentsKeywords/4012
http://mint-projects.image.ntua.gr/data/sounds/C0023X0045XX-0600,http://www.mimo-db.eu/InstrumentsKeywords/4012
http://mint-projects.image.ntua.gr/data/sounds/C0023X0030XX-0200,http://www.mimo-db.eu/InstrumentsKeywords/4012
http://mint-projects.image.ntua.gr/data/sounds/C0023X0003XX-3700,http://www.mimo-db.eu/InstrumentsKeywords/4012
http://mint-projects.image.ntua.gr/data/sounds/C0023X0003XX-3800,http://www.mimo-db.eu/InstrumentsKeywords/4012
http://mint-projects.image.ntua.gr/data/sounds/C0023X0003XX-2900,http://www.mimo-db.eu/InstrumentsKeywords/4012
http://mint-projects.image.ntua.gr/data/sounds/C0023X0003XX-3400,http://www.mimo-db.eu/InstrumentsKeywords/4012
http://mint-projects.image.ntua.gr/data/sounds/C0023X0003XX-4100,http://www.mimo-db.eu/InstrumentsKeywords/4012
http://mint-projects.image.ntua.gr/data/sounds/C0023X0006XX-1100,http://www.mimo-db.eu/InstrumentsKeywords/4012
http://mint-projects.image.ntua.gr/data/sounds/C0023X0003XX-3500,http://www.mimo-db.eu/InstrumentsKeywords/4012
http://mint-projects.image.ntua.gr/data/sounds/C0023X0003XX-3100,http://www.mimo-db.eu/InstrumentsKeywords/4012
http://mint-projects.image.ntua.gr/data/sounds/C0023X0030XX-0300,http://www.mimo-db.eu/InstrumentsKeywords/4012
http://mint-projects.image.ntua.gr/data/sounds/C0023X0009XX-2000,http://www.mimo-db.eu/InstrumentsKeywords/4012
http://mint-projects.image.ntua.gr/data/sounds/C0023X0031XX-0100,http://www.mimo-db.eu/InstrumentsKeywords/4012
http://mint-projects.image.ntua.gr/data/sounds/C0023X0038XX-1600,http://www.mimo-db.eu/InstrumentsKeywords/4012
http://mint-projects.image.ntua.gr/data/sounds/C0023X0003XX-3600,http://www.mimo-db.eu/InstrumentsKeywords/4012
http://mint-projects.image.ntua.gr/data/sounds/C0023X0048XX-0900,http://www.mimo-db.eu/InstrumentsKeywords/4012
http://mint-projects.image.ntua.gr/data/sounds/C0023X0003XX-3900,http://www.mimo-db.eu/InstrumentsKeywords/4012
http://mint-projects.image.ntua.gr/data/sounds/C0023X0003XX-4000,http://www.mimo-db.eu/InstrumentsKeywords/4012
http://mint-projects.image.ntua.gr/data/sounds/C0023X0003XX-3300,http://www.mimo-db.eu/InstrumentsKeywords/4012
http://mint-projects.image.ntua.gr/data/sounds/C0023X0009XX-1900,http://www.mimo-db.eu/InstrumentsKeywords/4012
http://mint-projects.image.ntua.gr/data/sounds/C0023X0045XX-0600,http://www.mimo-db.eu/InstrumentsKeywords/4012
http://mint-projects.image.ntua.gr/data/sounds/C0023X0030XX-0200,http://www.mimo-db.eu/InstrumentsKeywords/4012
http://mint-projects.image.ntua.gr/data/sounds/C0023X0003XX-3700,http://www.mimo-db.eu/InstrumentsKeywords/4012
http://mint-projects.image.ntua.gr/data/sounds/C0023X0003XX-3800,http://www.mimo-db.eu/InstrumentsKeywords/4012
http://mint-projects.image.ntua.gr/data/sounds/C0023X0003XX-2900,http://www.mimo-db.eu/InstrumentsKeywords/4012
http://mint-projects.image.ntua.gr/data/sounds/C0023X0003XX-3400,http://www.mimo-db.eu/InstrumentsKeywords/4012
http://mint-projects.image.ntua.gr/data/sounds/C0023X0003XX-4100,http://www.mimo-db.eu/InstrumentsKeywords/4012
http://mint-projects.image.ntua.gr/data/sounds/C0023X0006XX-1100,http://www.mimo-db.eu/InstrumentsKeywords/4012
http://mint-projects.image.ntua.gr/data/sounds/C0023X0003XX-3500,http://www.mimo-db.eu/InstrumentsKeywords/4012
http://mint-projects.image.ntua.gr/data/sounds/C0023X0003XX-3100,http://www.mimo-db.eu/InstrumentsKeywords/4012
http://mint-projects.image.ntua.gr/data/sounds/C0023X0030XX-0300,http://www.mimo-db.eu/InstrumentsKeywords/4012
http://mint-projects.image.ntua.gr/data/sounds/C0023X0009XX-2000,http://www.mimo-db.eu/InstrumentsKeywords/4012
http://mint-projects.image.ntua.gr/data/sounds/C0023X0031XX-0100,http://www.mimo-db.eu/InstrumentsKeywords/4012
http://mint-projects.image.ntua.gr/data/sounds/C0023X0038XX-1600,http://www.mimo-db.eu/InstrumentsKeywords/4012
http://mint-projects.image.ntua.gr/data/sounds/C0023X0003XX-3600,http://www.mimo-db.eu/InstrumentsKeywords/4012
http://mint-projects.image.ntua.gr/data/sounds/C0023X0048XX-0900,http://www.mimo-db.eu/InstrumentsKeywords/4012
http://mint-projects.image.ntua.gr/data/sounds/C0023X0003XX-3900,http://www.mimo-db.eu/InstrumentsKeywords/4012
http://mint-projects.image.ntua.gr/data/sounds/C0023X0003XX-4000,http://www.mimo-db.eu/InstrumentsKeywords/4012
http://mint-projects.image.ntua.gr/data/sounds/C0023X0003XX-3300,http://www.mimo-db.eu/InstrumentsKeywords/4012
http://mint-projects.image.ntua.gr/data/sounds/C0023X0009XX-1900,http://www.mimo-db.eu/InstrumentsKeywords/4012
http://mint-projects.image.ntua.gr/data/sounds/C0023X0045XX-0600,http://www.mimo-db.eu/InstrumentsKeywords/4012
http://mint-projects.image.ntua.gr/data/sounds/C0023X0030XX-0200,http://www.mimo-db.eu/InstrumentsKeywords/4012
http://mint-projects.image.ntua.gr/data/sounds/C0023X0003XX-3700,http://www.mimo-db.eu/InstrumentsKeywords/4012
http://mint-projects.image.ntua.gr/data/sounds/C0023X0003XX-3800,http://www.mimo-db.eu/InstrumentsKeywords/4012
http://mint-projects.image.ntua.gr/data/sounds/C0023X0003XX-2900,http://www.mimo-db.eu/InstrumentsKeywords/4012
http://mint-projects.image.ntua.gr/data/sounds/C0023X0003XX-3400,http://www.mimo-db.eu/InstrumentsKeywords/4012
http://mint-projects.image.ntua.gr/data/sounds/C0023X0003XX-4100,http://www.mimo-db.eu/InstrumentsKeywords/4012
http://mint-projects.image.ntua.gr/data/sounds/C0023X0006XX-1100,http://www.mimo-db.eu/InstrumentsKeywords/4012
http://mint-projects.image.ntua.gr/data/sounds/C0023X0003XX-3500,http://www.mimo-db.eu/InstrumentsKeywords/4012
http://mint-projects.image.ntua.gr/data/sounds/C0023X0003XX-3100,http://www.mimo-db.eu/InstrumentsKeywords/4012
http://mint-projects.image.ntua.gr/data/sounds/C0023X0030XX-0300,http://www.mimo-db.eu/InstrumentsKeywords/4012
http://mint-projects.image.ntua.gr/data/sounds/C0023X0009XX-2000,http://www.mimo-db.eu/InstrumentsKeywords/4012
http://mint-projects.image.ntua.gr/data/sounds/C0023X0031XX-0100,http://www.mimo-db.eu/InstrumentsKeywords/4012
http://mint-projects.image.ntua.gr/data/sounds/C0023X0038XX-1600,http://www.mimo-db.eu/InstrumentsKeywords/4012
http://mint-projects.image.ntua.gr/data/sounds/C0023X0003XX-3600,http://www.mimo-db.eu/InstrumentsKeywords/4012
http://mint-projects.image.ntua.gr/data/sounds/C0023X0048XX-0900,http://www.mimo-db.eu/InstrumentsKeywords/4012
http://mint-projects.image.ntua.gr/data/sounds/C0023X0003XX-3900,http://www.mimo-db.eu/InstrumentsKeywords/4012
http://mint-projects.image.ntua.gr/data/sounds/C0023X0003XX-4000,http://www.mimo-db.eu/InstrumentsKeywords/4012
http://mint-projects.image.ntua.gr/data/sounds/C0023X0003XX-3300,http://www.mimo-db.eu/InstrumentsKeywords/4012
http://mint-projects.image.ntua.gr/data/sounds/C0023X0009XX-1900,http://www.mimo-db.eu/InstrumentsKeywords/4012
http://mint-projects.image.ntua.gr/data/sounds/C0023X0045XX-0600,http://www.mimo-db.eu/InstrumentsKeywords/4012
http://mint-projects.image.ntua.gr/data/sounds/C0023X0030XX-0200,http://www.mimo-db.eu/InstrumentsKeywords/4012
http://mint-projects.image.ntua.gr/data/sounds/C0023X0003XX-3700,http://www.mimo-db.eu/InstrumentsKeywords/4012
http://mint-projects.image.ntua.gr/data/sounds/C0023X0003XX-3800,http://www.mimo-db.eu/InstrumentsKeywords/4012
http://mint-projects.image.ntua.gr/data/sounds/C0023X0003XX-2900,http://www.mimo-db.eu/InstrumentsKeywords/4012
http://mint-projects.image.ntua.gr/data/sounds/C0023X0003XX-3400,http://www.mimo-db.eu/InstrumentsKeywords/4012
http://mint-projects.image.ntua.gr/data/sounds/C0023X0003XX-4100,http://www.mimo-db.eu/InstrumentsKeywords/4012
http://mint-projects.image.ntua.gr/data/sounds/C0023X0006XX-1100,http://www.mimo-db.eu/InstrumentsKeywords/4012
http://mint-projects.image.ntua.gr/data/sounds/C0023X0003XX-3500,http://www.mimo-db.eu/InstrumentsKeywords/4012
http://mint-projects.image.ntua.gr/data/sounds/C0023X0003XX-3100,http://www.mimo-db.eu/InstrumentsKeywords/4012
http://mint-projects.image.ntua.gr/data/sounds/C0023X0030XX-0300,http://www.mimo-db.eu/InstrumentsKeywords/4012
http://mint-projects.image.ntua.gr/data/sounds/C0023X0009XX-2000,http://www.mimo-db.eu/InstrumentsKeywords/4012
http://mint-projects.image.ntua.gr/data/sounds/C0023X0034XX-0200,http://www.mimo-db.eu/InstrumentsKeywords/3012
http://mint-projects.image.ntua.gr/data/sounds/C0023X0036XX-1200,http://www.mimo-db.eu/InstrumentsKeywords/3012
http://mint-projects.image.ntua.gr/data/sounds/C0023X0038XX-1900,http://www.mimo-db.eu/InstrumentsKeywords/3012
http://mint-projects.image.ntua.gr/data/sounds/C0023X0036XX-1400,http://www.mimo-db.eu/InstrumentsKeywords/3012
http://mint-projects.image.ntua.gr/data/sounds/C0023X0036XX-1300,http://www.mimo-db.eu/InstrumentsKeywords/3012
http://mint-projects.image.ntua.gr/data/sounds/C0023X0035XX-1200,http://www.mimo-db.eu/InstrumentsKeywords/3012
http://mint-projects.image.ntua.gr/data/sounds/C0023X0037XX-2500,http://www.mimo-db.eu/InstrumentsKeywords/3012
http://mint-projects.image.ntua.gr/data/sounds/C0023X0014XX-1700,http://www.mimo-db.eu/InstrumentsKeywords/3012
http://mint-projects.image.ntua.gr/data/sounds/C0023X0037XX-0100,http://www.mimo-db.eu/InstrumentsKeywords/3012
http://mint-projects.image.ntua.gr/data/sounds/C0023X0034XX-0500,http://www.mimo-db.eu/InstrumentsKeywords/3012
http://mint-projects.image.ntua.gr/data/sounds/C0023X0014XX-1800,http://www.mimo-db.eu/InstrumentsKeywords/3012
http://mint-projects.image.ntua.gr/data/sounds/C0023X0034XX-0200,http://www.mimo-db.eu/InstrumentsKeywords/3012
http://mint-projects.image.ntua.gr/data/sounds/C0023X0036XX-1200,http://www.mimo-db.eu/InstrumentsKeywords/3012
http://mint-projects.image.ntua.gr/data/sounds/C0023X0038XX-1900,http://www.mimo-db.eu/InstrumentsKeywords/3012
http://mint-projects.image.ntua.gr/data/sounds/C0023X0036XX-1400,http://www.mimo-db.eu/InstrumentsKeywords/3012
http://mint-projects.image.ntua.gr/data/sounds/C0023X0036XX-1300,http://www.mimo-db.eu/InstrumentsKeywords/3012
http://mint-projects.image.ntua.gr/data/sounds/C0023X0035XX-1200,http://www.mimo-db.eu/InstrumentsKeywords/3012
http://mint-projects.image.ntua.gr/data/sounds/C0023X0037XX-2500,http://www.mimo-db.eu/InstrumentsKeywords/3012
http://mint-projects.image.ntua.gr/data/sounds/C0023X0014XX-1700,http://www.mimo-db.eu/InstrumentsKeywords/3012
http://mint-projects.image.ntua.gr/data/sounds/C0023X0037XX-0100,http://www.mimo-db.eu/InstrumentsKeywords/3012
http://mint-projects.image.ntua.gr/data/sounds/C0023X0034XX-0500,http://www.mimo-db.eu/InstrumentsKeywords/3012
http://mint-projects.image.ntua.gr/data/sounds/C0023X0014XX-1800,http://www.mimo-db.eu/InstrumentsKeywords/3012
http://mint-projects.image.ntua.gr/data/sounds/C0023X0006XX-0700,http://www.mimo-db.eu/InstrumentsKeywords/4039
http://mint-projects.image.ntua.gr/data/sounds/C0023X0002XX-3100,http://www.mimo-db.eu/InstrumentsKeywords/4039
http://mint-projects.image.ntua.gr/data/sounds/C0023X0006XX-0700,http://www.mimo-db.eu/InstrumentsKeywords/4039
http://mint-projects.image.ntua.gr/data/sounds/C0023X0002XX-3100,http://www.mimo-db.eu/InstrumentsKeywords/4039
http://mint-projects.image.ntua.gr/data/sounds/C0023X0006XX-0700,http://www.mimo-db.eu/InstrumentsKeywords/4039
http://mint-projects.image.ntua.gr/data/sounds/C0023X0002XX-3100,http://www.mimo-db.eu/InstrumentsKeywords/4039
http://mint-projects.image.ntua.gr/data/sounds/C0023X0006XX-0700,http://www.mimo-db.eu/InstrumentsKeywords/4039
http://mint-projects.image.ntua.gr/data/sounds/C0023X0002XX-3100,http://www.mimo-db.eu/InstrumentsKeywords/4039
http://mint-projects.image.ntua.gr/data/sounds/C0023X0029XX-2000,http://www.mimo-db.eu/InstrumentsKeywords/2493
http://mint-projects.image.ntua.gr/data/sounds/C0023X0029XX-2900,http://www.mimo-db.eu/InstrumentsKeywords/2493
http://mint-projects.image.ntua.gr/data/sounds/C0023X0038XX-0400,http://www.mimo-db.eu/InstrumentsKeywords/2493
http://mint-projects.image.ntua.gr/data/sounds/C0023X0007XX-0900,http://www.mimo-db.eu/InstrumentsKeywords/2493
http://mint-projects.image.ntua.gr/data/sounds/C0023X0034XX-0600,http://www.mimo-db.eu/InstrumentsKeywords/2493
http://mint-projects.image.ntua.gr/data/sounds/C0023X0028XX-4600,http://www.mimo-db.eu/InstrumentsKeywords/2493
http://mint-projects.image.ntua.gr/data/sounds/C0023X0033XX-0600,http://www.mimo-db.eu/InstrumentsKeywords/2493
http://mint-projects.image.ntua.gr/data/sounds/C0023X0011XX-0900,http://www.mimo-db.eu/InstrumentsKeywords/2493
http://mint-projects.image.ntua.gr/data/sounds/C0023X0037XX-0100,http://www.mimo-db.eu/InstrumentsKeywords/2493
http://mint-projects.image.ntua.gr/data/sounds/C0023X0010XX-2700,http://www.mimo-db.eu/InstrumentsKeywords/2493
http://mint-projects.image.ntua.gr/data/sounds/C0023X0032XX-0400,http://www.mimo-db.eu/InstrumentsKeywords/2493
http://mint-projects.image.ntua.gr/data/sounds/C0023X0029XX-2400,http://www.mimo-db.eu/InstrumentsKeywords/2493
http://mint-projects.image.ntua.gr/data/sounds/C0023X0028XX-4200,http://www.mimo-db.eu/InstrumentsKeywords/2493
http://mint-projects.image.ntua.gr/data/sounds/C0023X0029XX-1900,http://www.mimo-db.eu/InstrumentsKeywords/2493
http://mint-projects.image.ntua.gr/data/sounds/C0023X0014XX-1700,http://www.mimo-db.eu/InstrumentsKeywords/2493
http://mint-projects.image.ntua.gr/data/sounds/C0023X0036XX-1400,http://www.mimo-db.eu/InstrumentsKeywords/2493
http://mint-projects.image.ntua.gr/data/sounds/C0023X0028XX-4800,http://www.mimo-db.eu/InstrumentsKeywords/2493
http://mint-projects.image.ntua.gr/data/sounds/C0023X0031XX-0100,http://www.mimo-db.eu/InstrumentsKeywords/2493
http://mint-projects.image.ntua.gr/data/sounds/C0023X0028XX-4300,http://www.mimo-db.eu/InstrumentsKeywords/2493
http://mint-projects.image.ntua.gr/data/sounds/C0023X0032XX-0300,http://www.mimo-db.eu/InstrumentsKeywords/2493
http://mint-projects.image.ntua.gr/data/sounds/C0023X0029XX-1400,http://www.mimo-db.eu/InstrumentsKeywords/2493
http://mint-projects.image.ntua.gr/data/sounds/C0023X0011XX-1000,http://www.mimo-db.eu/InstrumentsKeywords/2493
http://mint-projects.image.ntua.gr/data/sounds/C0023X0022XX-1400,http://www.mimo-db.eu/InstrumentsKeywords/2493
http://mint-projects.image.ntua.gr/data/sounds/C0023X0037XX-2800,http://www.mimo-db.eu/InstrumentsKeywords/2493
http://mint-projects.image.ntua.gr/data/sounds/C0023X0029XX-1700,http://www.mimo-db.eu/InstrumentsKeywords/2493
http://mint-projects.image.ntua.gr/data/sounds/C0023X0029XX-1600,http://www.mimo-db.eu/InstrumentsKeywords/2493
http://mint-projects.image.ntua.gr/data/sounds/C0023X0003XX-2200,http://www.mimo-db.eu/InstrumentsKeywords/2493
http://mint-projects.image.ntua.gr/data/sounds/C0023X0015XX-0900,http://www.mimo-db.eu/InstrumentsKeywords/2493
http://mint-projects.image.ntua.gr/data/sounds/C0023X0010XX-2600,http://www.mimo-db.eu/InstrumentsKeywords/2493
http://mint-projects.image.ntua.gr/data/sounds/C0023X0033XX-0200,http://www.mimo-db.eu/InstrumentsKeywords/2493
http://mint-projects.image.ntua.gr/data/sounds/C0023X0003XX-2300,http://www.mimo-db.eu/InstrumentsKeywords/2493
http://mint-projects.image.ntua.gr/data/sounds/C0023X0009XX-3300,http://www.mimo-db.eu/InstrumentsKeywords/2493
http://mint-projects.image.ntua.gr/data/sounds/C0023X0029XX-2300,http://www.mimo-db.eu/InstrumentsKeywords/2493
http://mint-projects.image.ntua.gr/data/sounds/C0023X0029XX-3700,http://www.mimo-db.eu/InstrumentsKeywords/2493
http://mint-projects.image.ntua.gr/data/sounds/C0023X0032XX-0800,http://www.mimo-db.eu/InstrumentsKeywords/2493
http://mint-projects.image.ntua.gr/data/sounds/C0023X0034XX-0500,http://www.mimo-db.eu/InstrumentsKeywords/2493
http://mint-projects.image.ntua.gr/data/sounds/C0023X0003XX-2100,http://www.mimo-db.eu/InstrumentsKeywords/2493
http://mint-projects.image.ntua.gr/data/sounds/C0023X0009XX-3600,http://www.mimo-db.eu/InstrumentsKeywords/2493
http://mint-projects.image.ntua.gr/data/sounds/C0023X0035XX-1300,http://www.mimo-db.eu/InstrumentsKeywords/2493
http://mint-projects.image.ntua.gr/data/sounds/C0023X0034XX-0200,http://www.mimo-db.eu/InstrumentsKeywords/2493
http://mint-projects.image.ntua.gr/data/sounds/C0023X0029XX-1800,http://www.mimo-db.eu/InstrumentsKeywords/2493
http://mint-projects.image.ntua.gr/data/sounds/C0023X0064XX-0100,http://www.mimo-db.eu/InstrumentsKeywords/2493
http://mint-projects.image.ntua.gr/data/sounds/C0023X0029XX-2200,http://www.mimo-db.eu/InstrumentsKeywords/2493
http://mint-projects.image.ntua.gr/data/sounds/C0023X0036XX-1200,http://www.mimo-db.eu/InstrumentsKeywords/2493
http://mint-projects.image.ntua.gr/data/sounds/C0023X0037XX-2700,http://www.mimo-db.eu/InstrumentsKeywords/2493
http://mint-projects.image.ntua.gr/data/sounds/C0023X0055XX-0100,http://www.mimo-db.eu/InstrumentsKeywords/2493
http://mint-projects.image.ntua.gr/data/sounds/C0023X0037XX-2500,http://www.mimo-db.eu/InstrumentsKeywords/2493
http://mint-projects.image.ntua.gr/data/sounds/C0023X0037XX-2600,http://www.mimo-db.eu/InstrumentsKeywords/2493
http://mint-projects.image.ntua.gr/data/sounds/C0023X0016XX-2800,http://www.mimo-db.eu/InstrumentsKeywords/2493
http://mint-projects.image.ntua.gr/data/sounds/C0023X0009XX-3400,http://www.mimo-db.eu/InstrumentsKeywords/2493
http://mint-projects.image.ntua.gr/data/sounds/C0023X0038XX-1800,http://www.mimo-db.eu/InstrumentsKeywords/2493
http://mint-projects.image.ntua.gr/data/sounds/C0023X0038XX-1700,http://www.mimo-db.eu/InstrumentsKeywords/2493
http://mint-projects.image.ntua.gr/data/sounds/C0023X0029XX-1100,http://www.mimo-db.eu/InstrumentsKeywords/2493
http://mint-projects.image.ntua.gr/data/sounds/C0023X0032XX-0600,http://www.mimo-db.eu/InstrumentsKeywords/2493
http://mint-projects.image.ntua.gr/data/sounds/C0023X0038XX-1600,http://www.mimo-db.eu/InstrumentsKeywords/2493
http://mint-projects.image.ntua.gr/data/sounds/C0023X0029XX-2100,http://www.mimo-db.eu/InstrumentsKeywords/2493
http://mint-projects.image.ntua.gr/data/sounds/C0023X0035XX-1200,http://www.mimo-db.eu/InstrumentsKeywords/2493
http://mint-projects.image.ntua.gr/data/sounds/C0023X0011XX-1100,http://www.mimo-db.eu/InstrumentsKeywords/2493
http://mint-projects.image.ntua.gr/data/sounds/C0023X0032XX-0200,http://www.mimo-db.eu/InstrumentsKeywords/2493
http://mint-projects.image.ntua.gr/data/sounds/C0023X0034XX-0700,http://www.mimo-db.eu/InstrumentsKeywords/2493
http://mint-projects.image.ntua.gr/data/sounds/C0023X0028XX-4500,http://www.mimo-db.eu/InstrumentsKeywords/2493
http://mint-projects.image.ntua.gr/data/sounds/C0023X0032XX-0900,http://www.mimo-db.eu/InstrumentsKeywords/2493
http://mint-projects.image.ntua.gr/data/sounds/C0023X0028XX-4400,http://www.mimo-db.eu/InstrumentsKeywords/2493
http://mint-projects.image.ntua.gr/data/sounds/C0023X0033XX-0100,http://www.mimo-db.eu/InstrumentsKeywords/2493
http://mint-projects.image.ntua.gr/data/sounds/C0023X0001XX-3300,http://www.mimo-db.eu/InstrumentsKeywords/2493
http://mint-projects.image.ntua.gr/data/sounds/C0023X0029XX-1500,http://www.mimo-db.eu/InstrumentsKeywords/2493
http://mint-projects.image.ntua.gr/data/sounds/C0023X0029XX-3500,http://www.mimo-db.eu/InstrumentsKeywords/2493
http://mint-projects.image.ntua.gr/data/sounds/C0023X0009XX-3500,http://www.mimo-db.eu/InstrumentsKeywords/2493
http://mint-projects.image.ntua.gr/data/sounds/C0023X0029XX-1200,http://www.mimo-db.eu/InstrumentsKeywords/2493
http://mint-projects.image.ntua.gr/data/sounds/C0023X0016XX-2700,http://www.mimo-db.eu/InstrumentsKeywords/2493
http://mint-projects.image.ntua.gr/data/sounds/C0023X0028XX-4700,http://www.mimo-db.eu/InstrumentsKeywords/2493
http://mint-projects.image.ntua.gr/data/sounds/C0023X0028XX-4100,http://www.mimo-db.eu/InstrumentsKeywords/2493
http://mint-projects.image.ntua.gr/data/sounds/C0023X0029XX-3600,http://www.mimo-db.eu/InstrumentsKeywords/2493
http://mint-projects.image.ntua.gr/data/sounds/C0023X0029XX-1300,http://www.mimo-db.eu/InstrumentsKeywords/2493
http://mint-projects.image.ntua.gr/data/sounds/C0023X0036XX-1300,http://www.mimo-db.eu/InstrumentsKeywords/2493
http://mint-projects.image.ntua.gr/data/sounds/C0023X0032XX-1000,http://www.mimo-db.eu/InstrumentsKeywords/2493
http://mint-projects.image.ntua.gr/data/sounds/C0023X0029XX-2000,http://www.mimo-db.eu/InstrumentsKeywords/2493
http://mint-projects.image.ntua.gr/data/sounds/C0023X0029XX-2900,http://www.mimo-db.eu/InstrumentsKeywords/2493
http://mint-projects.image.ntua.gr/data/sounds/C0023X0038XX-0400,http://www.mimo-db.eu/InstrumentsKeywords/2493
http://mint-projects.image.ntua.gr/data/sounds/C0023X0007XX-0900,http://www.mimo-db.eu/InstrumentsKeywords/2493
http://mint-projects.image.ntua.gr/data/sounds/C0023X0034XX-0600,http://www.mimo-db.eu/InstrumentsKeywords/2493
http://mint-projects.image.ntua.gr/data/sounds/C0023X0028XX-4600,http://www.mimo-db.eu/InstrumentsKeywords/2493
http://mint-projects.image.ntua.gr/data/sounds/C0023X0033XX-0600,http://www.mimo-db.eu/InstrumentsKeywords/2493
http://mint-projects.image.ntua.gr/data/sounds/C0023X0011XX-0900,http://www.mimo-db.eu/InstrumentsKeywords/2493
http://mint-projects.image.ntua.gr/data/sounds/C0023X0037XX-0100,http://www.mimo-db.eu/InstrumentsKeywords/2493
http://mint-projects.image.ntua.gr/data/sounds/C0023X0010XX-2700,http://www.mimo-db.eu/InstrumentsKeywords/2493
http://mint-projects.image.ntua.gr/data/sounds/C0023X0032XX-0400,http://www.mimo-db.eu/InstrumentsKeywords/2493
http://mint-projects.image.ntua.gr/data/sounds/C0023X0029XX-2400,http://www.mimo-db.eu/InstrumentsKeywords/2493
http://mint-projects.image.ntua.gr/data/sounds/C0023X0028XX-4200,http://www.mimo-db.eu/InstrumentsKeywords/2493
http://mint-projects.image.ntua.gr/data/sounds/C0023X0029XX-1900,http://www.mimo-db.eu/InstrumentsKeywords/2493
http://mint-projects.image.ntua.gr/data/sounds/C0023X0014XX-1700,http://www.mimo-db.eu/InstrumentsKeywords/2493
http://mint-projects.image.ntua.gr/data/sounds/C0023X0036XX-1400,http://www.mimo-db.eu/InstrumentsKeywords/2493
http://mint-projects.image.ntua.gr/data/sounds/C0023X0028XX-4800,http://www.mimo-db.eu/InstrumentsKeywords/2493
http://mint-projects.image.ntua.gr/data/sounds/C0023X0031XX-0100,http://www.mimo-db.eu/InstrumentsKeywords/2493
http://mint-projects.image.ntua.gr/data/sounds/C0023X0028XX-4300,http://www.mimo-db.eu/InstrumentsKeywords/2493
http://mint-projects.image.ntua.gr/data/sounds/C0023X0032XX-0300,http://www.mimo-db.eu/InstrumentsKeywords/2493
http://mint-projects.image.ntua.gr/data/sounds/C0023X0029XX-1400,http://www.mimo-db.eu/InstrumentsKeywords/2493
http://mint-projects.image.ntua.gr/data/sounds/C0023X0011XX-1000,http://www.mimo-db.eu/InstrumentsKeywords/2493
http://mint-projects.image.ntua.gr/data/sounds/C0023X0022XX-1400,http://www.mimo-db.eu/InstrumentsKeywords/2493
http://mint-projects.image.ntua.gr/data/sounds/C0023X0037XX-2800,http://www.mimo-db.eu/InstrumentsKeywords/2493
http://mint-projects.image.ntua.gr/data/sounds/C0023X0029XX-1700,http://www.mimo-db.eu/InstrumentsKeywords/2493
http://mint-projects.image.ntua.gr/data/sounds/C0023X0029XX-1600,http://www.mimo-db.eu/InstrumentsKeywords/2493
http://mint-projects.image.ntua.gr/data/sounds/C0023X0003XX-2200,http://www.mimo-db.eu/InstrumentsKeywords/2493
http://mint-projects.image.ntua.gr/data/sounds/C0023X0015XX-0900,http://www.mimo-db.eu/InstrumentsKeywords/2493
http://mint-projects.image.ntua.gr/data/sounds/C0023X0010XX-2600,http://www.mimo-db.eu/InstrumentsKeywords/2493
http://mint-projects.image.ntua.gr/data/sounds/C0023X0033XX-0200,http://www.mimo-db.eu/InstrumentsKeywords/2493
http://mint-projects.image.ntua.gr/data/sounds/C0023X0003XX-2300,http://www.mimo-db.eu/InstrumentsKeywords/2493
http://mint-projects.image.ntua.gr/data/sounds/C0023X0009XX-3300,http://www.mimo-db.eu/InstrumentsKeywords/2493
http://mint-projects.image.ntua.gr/data/sounds/C0023X0029XX-2300,http://www.mimo-db.eu/InstrumentsKeywords/2493
http://mint-projects.image.ntua.gr/data/sounds/C0023X0029XX-3700,http://www.mimo-db.eu/InstrumentsKeywords/2493
http://mint-projects.image.ntua.gr/data/sounds/C0023X0032XX-0800,http://www.mimo-db.eu/InstrumentsKeywords/2493
http://mint-projects.image.ntua.gr/data/sounds/C0023X0034XX-0500,http://www.mimo-db.eu/InstrumentsKeywords/2493
http://mint-projects.image.ntua.gr/data/sounds/C0023X0003XX-2100,http://www.mimo-db.eu/InstrumentsKeywords/2493
http://mint-projects.image.ntua.gr/data/sounds/C0023X0009XX-3600,http://www.mimo-db.eu/InstrumentsKeywords/2493
http://mint-projects.image.ntua.gr/data/sounds/C0023X0035XX-1300,http://www.mimo-db.eu/InstrumentsKeywords/2493
http://mint-projects.image.ntua.gr/data/sounds/C0023X0034XX-0200,http://www.mimo-db.eu/InstrumentsKeywords/2493
http://mint-projects.image.ntua.gr/data/sounds/C0023X0029XX-1800,http://www.mimo-db.eu/InstrumentsKeywords/2493
http://mint-projects.image.ntua.gr/data/sounds/C0023X0064XX-0100,http://www.mimo-db.eu/InstrumentsKeywords/2493
http://mint-projects.image.ntua.gr/data/sounds/C0023X0029XX-2200,http://www.mimo-db.eu/InstrumentsKeywords/2493
http://mint-projects.image.ntua.gr/data/sounds/C0023X0036XX-1200,http://www.mimo-db.eu/InstrumentsKeywords/2493
http://mint-projects.image.ntua.gr/data/sounds/C0023X0037XX-2700,http://www.mimo-db.eu/InstrumentsKeywords/2493
http://mint-projects.image.ntua.gr/data/sounds/C0023X0055XX-0100,http://www.mimo-db.eu/InstrumentsKeywords/2493
http://mint-projects.image.ntua.gr/data/sounds/C0023X0037XX-2500,http://www.mimo-db.eu/InstrumentsKeywords/2493
http://mint-projects.image.ntua.gr/data/sounds/C0023X0037XX-2600,http://www.mimo-db.eu/InstrumentsKeywords/2493
http://mint-projects.image.ntua.gr/data/sounds/C0023X0016XX-2800,http://www.mimo-db.eu/InstrumentsKeywords/2493
http://mint-projects.image.ntua.gr/data/sounds/C0023X0009XX-3400,http://www.mimo-db.eu/InstrumentsKeywords/2493
http://mint-projects.image.ntua.gr/data/sounds/C0023X0038XX-1800,http://www.mimo-db.eu/InstrumentsKeywords/2493
http://mint-projects.image.ntua.gr/data/sounds/C0023X0038XX-1700,http://www.mimo-db.eu/InstrumentsKeywords/2493
http://mint-projects.image.ntua.gr/data/sounds/C0023X0029XX-1100,http://www.mimo-db.eu/InstrumentsKeywords/2493
http://mint-projects.image.ntua.gr/data/sounds/C0023X0032XX-0600,http://www.mimo-db.eu/InstrumentsKeywords/2493
http://mint-projects.image.ntua.gr/data/sounds/C0023X0038XX-1600,http://www.mimo-db.eu/InstrumentsKeywords/2493
http://mint-projects.image.ntua.gr/data/sounds/C0023X0029XX-2100,http://www.mimo-db.eu/InstrumentsKeywords/2493
http://mint-projects.image.ntua.gr/data/sounds/C0023X0035XX-1200,http://www.mimo-db.eu/InstrumentsKeywords/2493
http://mint-projects.image.ntua.gr/data/sounds/C0023X0011XX-1100,http://www.mimo-db.eu/InstrumentsKeywords/2493
http://mint-projects.image.ntua.gr/data/sounds/C0023X0032XX-0200,http://www.mimo-db.eu/InstrumentsKeywords/2493
http://mint-projects.image.ntua.gr/data/sounds/C0023X0034XX-0700,http://www.mimo-db.eu/InstrumentsKeywords/2493
http://mint-projects.image.ntua.gr/data/sounds/C0023X0028XX-4500,http://www.mimo-db.eu/InstrumentsKeywords/2493
http://mint-projects.image.ntua.gr/data/sounds/C0023X0032XX-0900,http://www.mimo-db.eu/InstrumentsKeywords/2493
http://mint-projects.image.ntua.gr/data/sounds/C0023X0028XX-4400,http://www.mimo-db.eu/InstrumentsKeywords/2493
http://mint-projects.image.ntua.gr/data/sounds/C0023X0033XX-0100,http://www.mimo-db.eu/InstrumentsKeywords/2493
http://mint-projects.image.ntua.gr/data/sounds/C0023X0001XX-3300,http://www.mimo-db.eu/InstrumentsKeywords/2493
http://mint-projects.image.ntua.gr/data/sounds/C0023X0029XX-1500,http://www.mimo-db.eu/InstrumentsKeywords/2493
http://mint-projects.image.ntua.gr/data/sounds/C0023X0029XX-3500,http://www.mimo-db.eu/InstrumentsKeywords/2493
http://mint-projects.image.ntua.gr/data/sounds/C0023X0009XX-3500,http://www.mimo-db.eu/InstrumentsKeywords/2493
http://mint-projects.image.ntua.gr/data/sounds/C0023X0029XX-1200,http://www.mimo-db.eu/InstrumentsKeywords/2493
http://mint-projects.image.ntua.gr/data/sounds/C0023X0016XX-2700,http://www.mimo-db.eu/InstrumentsKeywords/2493
http://mint-projects.image.ntua.gr/data/sounds/C0023X0028XX-4700,http://www.mimo-db.eu/InstrumentsKeywords/2493
http://mint-projects.image.ntua.gr/data/sounds/C0023X0028XX-4100,http://www.mimo-db.eu/InstrumentsKeywords/2493
http://mint-projects.image.ntua.gr/data/sounds/C0023X0029XX-3600,http://www.mimo-db.eu/InstrumentsKeywords/2493
http://mint-projects.image.ntua.gr/data/sounds/C0023X0029XX-1300,http://www.mimo-db.eu/InstrumentsKeywords/2493
http://mint-projects.image.ntua.gr/data/sounds/C0023X0036XX-1300,http://www.mimo-db.eu/InstrumentsKeywords/2493
http://mint-projects.image.ntua.gr/data/sounds/C0023X0032XX-1000,http://www.mimo-db.eu/InstrumentsKeywords/2493
http://mint-projects.image.ntua.gr/data/sounds/C0023X0007XX-0500,http://www.mimo-db.eu/InstrumentsKeywords/3883
http://mint-projects.image.ntua.gr/data/sounds/C0023X0007XX-0800,http://www.mimo-db.eu/InstrumentsKeywords/3883
http://mint-projects.image.ntua.gr/data/sounds/C0023X0007XX-0600,http://www.mimo-db.eu/InstrumentsKeywords/3883
http://mint-projects.image.ntua.gr/data/sounds/C0023X0007XX-0700,http://www.mimo-db.eu/InstrumentsKeywords/3883
http://mint-projects.image.ntua.gr/data/sounds/C0023X0007XX-0500,http://www.mimo-db.eu/InstrumentsKeywords/3883
http://mint-projects.image.ntua.gr/data/sounds/C0023X0007XX-0800,http://www.mimo-db.eu/InstrumentsKeywords/3883
http://mint-projects.image.ntua.gr/data/sounds/C0023X0007XX-0600,http://www.mimo-db.eu/InstrumentsKeywords/3883
http://mint-projects.image.ntua.gr/data/sounds/C0023X0007XX-0700,http://www.mimo-db.eu/InstrumentsKeywords/3883
http://mint-projects.image.ntua.gr/data/sounds/C0023X0033XX-0200,http://www.mimo-db.eu/InstrumentsKeywords/3501
http://mint-projects.image.ntua.gr/data/sounds/C0023X0033XX-0200,http://www.mimo-db.eu/InstrumentsKeywords/3501
http://mint-projects.image.ntua.gr/data/sounds/C0023X0033XX-0200,http://www.mimo-db.eu/InstrumentsKeywords/3501
http://mint-projects.image.ntua.gr/data/sounds/C0023X0033XX-0200,http://www.mimo-db.eu/InstrumentsKeywords/3501
